number,last_number,last_he
982,601,7.0
601,498,21.0
498,921,12.0
921,887,23.0
887,240,6.0
240,739,19.0
739,010,1.0
010,927,18.0
927,349,16.0
349,747,18.0
747,038,11.0
038,106,7.0
106,184,13.0
184,594,18.0
594,266,14.0
266,935,17.0
935,611,8.0
611,793,19.0
793,312,6.0
312,606,12.0
606,287,17.0
287,267,15.0
267,490,13.0
490,889,25.0
889,650,11.0
650,493,16.0
493,692,17.0
692,494,17.0
494,500,5.0
500,122,5.0
122,744,15.0
744,286,16.0
286,300,3.0
300,935,17.0
935,970,16.0
970,515,11.0
515,886,22.0
886,754,16.0
754,500,5.0
500,397,19.0
397,369,18.0
369,886,22.0
886,489,21.0
489,143,8.0
143,516,12.0
516,755,17.0
755,020,2.0
020,938,20.0
938,698,23.0
698,958,22.0
958,456,15.0
456,722,11.0
722,180,9.0
180,486,18.0
486,774,18.0
774,207,9.0
207,609,15.0
609,632,11.0
632,432,9.0
432,521,8.0
521,576,18.0
576,580,13.0
580,285,15.0
285,893,20.0
893,584,17.0
584,251,8.0
251,542,11.0
542,356,14.0
356,954,18.0
954,795,21.0
795,658,19.0
658,830,11.0
830,330,6.0
330,453,12.0
453,080,8.0
080,447,15.0
447,610,7.0
610,599,23.0
599,506,11.0
506,235,10.0
235,276,15.0
276,915,15.0
915,598,22.0
598,453,12.0
453,719,17.0
719,258,15.0
258,987,24.0
987,197,17.0
197,985,22.0
985,843,15.0
843,603,9.0
603,275,14.0
275,128,11.0
128,175,13.0
175,073,10.0
073,700,7.0
700,872,17.0
872,194,14.0
194,548,17.0
548,293,14.0
293,720,9.0
720,930,12.0
930,946,19.0
946,819,18.0
819,904,13.0
904,167,14.0
167,160,7.0
160,203,5.0
203,210,3.0
210,133,7.0
133,872,17.0
872,448,16.0
448,050,5.0
050,121,4.0
121,091,10.0
091,447,15.0
447,417,12.0
417,327,12.0
327,564,15.0
564,262,10.0
262,311,5.0
311,930,12.0
930,194,14.0
194,724,13.0
724,686,20.0
686,254,11.0
254,561,12.0
561,904,13.0
904,437,14.0
437,026,8.0
026,764,17.0
764,708,15.0
708,045,9.0
045,490,13.0
490,486,18.0
486,498,21.0
498,010,1.0
010,184,13.0
184,372,12.0
372,929,20.0
929,023,5.0
023,921,12.0
921,730,10.0
730,216,9.0
216,765,18.0
765,189,18.0
189,144,9.0
144,950,14.0
950,258,15.0
258,276,15.0
276,797,23.0
797,396,18.0
396,283,13.0
283,144,9.0
144,452,11.0
452,813,12.0
813,945,18.0
945,920,11.0
920,601,7.0
601,872,17.0
872,258,15.0
258,131,5.0
131,121,4.0
121,053,8.0
053,407,11.0
407,752,14.0
752,447,15.0
447,066,12.0
066,647,17.0
647,871,16.0
871,036,9.0
036,380,11.0
380,450,9.0
450,740,11.0
740,271,10.0
271,938,20.0
938,497,20.0
497,546,15.0
546,472,13.0
472,371,11.0
371,144,9.0
144,994,22.0
994,716,14.0
716,693,18.0
693,213,6.0
213,132,6.0
132,676,19.0
676,023,5.0
023,276,15.0
276,366,15.0
366,184,13.0
184,042,6.0
042,645,15.0
645,126,9.0
126,873,18.0
873,837,18.0
837,125,8.0
125,665,17.0
665,887,23.0
887,299,20.0
299,895,22.0
895,723,12.0
723,307,10.0
307,807,15.0
807,433,10.0
433,089,17.0
089,043,7.0
043,411,6.0
411,712,10.0
712,161,8.0
161,862,16.0
862,972,18.0
972,945,18.0
945,198,18.0
198,858,21.0
858,176,14.0
176,258,15.0
258,232,7.0
232,967,22.0
967,070,7.0
070,395,17.0
395,800,8.0
800,954,18.0
954,070,7.0
070,888,24.0
888,081,9.0
081,456,15.0
456,160,7.0
160,688,22.0
688,055,10.0
055,198,18.0
198,816,15.0
816,173,11.0
173,606,12.0
606,641,11.0
641,942,15.0
942,407,11.0
407,748,19.0
748,401,5.0
401,801,9.0
801,450,9.0
450,859,22.0
859,550,10.0
550,079,16.0
079,161,8.0
161,231,6.0
231,577,19.0
577,012,3.0
012,349,16.0
349,271,10.0
271,312,6.0
312,183,12.0
183,053,8.0
053,782,17.0
782,872,17.0
872,589,22.0
589,385,16.0
385,512,8.0
512,019,10.0
019,145,10.0
145,877,22.0
877,098,17.0
098,014,5.0
014,168,15.0
168,244,10.0
244,989,26.0
989,699,24.0
699,333,9.0
333,705,12.0
705,045,9.0
045,137,11.0
137,383,14.0
383,144,9.0
144,902,11.0
902,432,9.0
432,235,10.0
235,766,19.0
766,131,5.0
131,067,13.0
067,340,7.0
340,128,11.0
128,167,14.0
167,079,16.0
079,853,16.0
853,954,18.0
954,757,19.0
757,237,12.0
237,678,21.0
678,400,4.0
400,914,14.0
914,376,16.0
376,772,16.0
772,658,19.0
658,608,14.0
608,761,14.0
761,805,13.0
805,491,14.0
491,811,10.0
811,130,4.0
130,305,8.0
305,857,20.0
857,581,14.0
581,784,19.0
784,565,16.0
565,985,22.0
985,245,11.0
245,437,14.0
437,869,23.0
869,329,14.0
329,960,15.0
960,193,13.0
193,747,18.0
747,400,4.0
400,683,17.0
683,791,17.0
791,454,13.0
454,323,8.0
323,936,18.0
936,061,7.0
061,361,10.0
361,729,18.0
729,746,17.0
746,685,19.0
685,070,7.0
070,011,2.0
011,021,3.0
021,796,22.0
796,852,15.0
852,072,9.0
072,019,10.0
019,694,19.0
694,150,6.0
150,381,12.0
381,472,13.0
472,264,12.0
264,280,10.0
280,030,3.0
030,131,5.0
131,949,22.0
949,401,5.0
401,799,25.0
799,815,14.0
815,125,8.0
125,780,15.0
780,615,12.0
615,697,22.0
697,248,14.0
248,244,10.0
244,906,15.0
906,026,8.0
026,233,8.0
233,626,14.0
626,382,13.0
382,290,11.0
290,733,13.0
733,839,20.0
839,981,18.0
981,113,5.0
113,667,19.0
667,177,15.0
177,538,16.0
538,344,11.0
344,574,16.0
574,611,8.0
611,536,14.0
536,115,7.0
115,789,24.0
789,108,9.0
108,506,11.0
506,658,19.0
658,463,13.0
463,397,19.0
397,471,12.0
471,299,20.0
299,964,19.0
964,624,12.0
624,042,6.0
042,898,25.0
898,702,9.0
702,460,10.0
460,566,17.0
566,941,14.0
941,753,15.0
753,418,13.0
418,086,14.0
086,956,20.0
956,462,12.0
462,628,16.0
628,875,20.0
875,502,7.0
502,984,21.0
984,511,7.0
511,114,6.0
114,200,2.0
200,233,8.0
233,021,3.0
021,102,3.0
102,727,16.0
727,077,14.0
077,891,18.0
891,068,14.0
068,647,17.0
647,550,10.0
550,369,18.0
369,391,13.0
391,087,15.0
087,585,18.0
585,827,17.0
827,746,17.0
746,471,12.0
471,007,7.0
007,706,13.0
706,142,7.0
142,820,10.0
820,240,6.0
240,024,6.0
024,894,21.0
894,844,16.0
844,106,7.0
106,669,21.0
669,755,17.0
755,974,20.0
974,882,18.0
882,863,17.0
863,704,11.0
704,822,12.0
822,428,14.0
428,486,18.0
486,093,12.0
093,433,10.0
433,258,15.0
258,708,15.0
708,112,4.0
112,575,17.0
575,547,16.0
547,334,10.0
334,396,18.0
396,136,10.0
136,341,8.0
341,671,14.0
671,472,13.0
472,281,11.0
281,867,21.0
867,639,18.0
639,121,4.0
121,053,8.0
053,356,14.0
356,830,11.0
830,097,16.0
097,758,20.0
758,421,7.0
421,638,17.0
638,988,25.0
988,973,19.0
973,285,15.0
285,853,16.0
853,679,22.0
679,385,16.0
385,114,6.0
114,651,12.0
651,027,9.0
027,418,13.0
418,241,7.0
241,496,19.0
496,377,17.0
377,202,4.0
202,234,9.0
234,960,15.0
960,993,21.0
993,126,9.0
126,100,1.0
100,482,14.0
482,942,15.0
942,602,8.0
602,567,18.0
567,832,13.0
832,784,19.0
784,471,12.0
471,243,9.0
243,941,14.0
941,933,15.0
933,708,15.0
708,641,11.0
641,733,13.0
733,625,13.0
625,465,15.0
465,612,9.0
612,903,12.0
903,163,10.0
163,011,2.0
011,549,18.0
549,845,17.0
845,227,11.0
227,644,14.0
644,660,12.0
660,205,7.0
205,137,11.0
137,933,15.0
933,304,7.0
304,687,21.0
687,909,18.0
909,769,22.0
769,710,8.0
710,942,15.0
942,965,20.0
965,215,8.0
215,641,11.0
641,808,16.0
808,910,10.0
910,769,22.0
769,804,12.0
804,810,9.0
810,688,22.0
688,593,17.0
593,915,15.0
915,320,5.0
320,200,2.0
200,112,4.0
112,993,21.0
993,886,22.0
886,916,16.0
916,704,11.0
704,788,23.0
788,612,9.0
612,391,13.0
391,981,18.0
981,086,14.0
086,535,13.0
535,109,10.0
109,869,23.0
869,086,14.0
086,899,26.0
899,805,13.0
805,481,13.0
481,950,14.0
950,020,2.0
020,994,22.0
994,746,17.0
746,569,20.0
569,884,20.0
884,276,15.0
276,649,19.0
649,053,8.0
053,455,14.0
455,360,9.0
360,868,22.0
868,885,21.0
885,915,15.0
915,749,20.0
749,185,14.0
185,015,6.0
015,384,15.0
384,870,15.0
870,109,10.0
109,125,8.0
125,297,18.0
297,721,10.0
721,008,8.0
008,036,9.0
036,737,17.0
737,524,11.0
524,503,8.0
503,220,4.0
220,450,9.0
450,818,17.0
818,155,11.0
155,856,19.0
856,964,19.0
964,198,18.0
198,397,19.0
397,872,17.0
872,786,21.0
786,298,19.0
298,668,20.0
668,681,15.0
681,292,13.0
292,840,12.0
840,666,18.0
666,740,11.0
740,911,11.0
911,124,7.0
124,497,20.0
497,088,16.0
088,575,17.0
575,577,19.0
577,746,17.0
746,114,6.0
114,516,12.0
516,336,12.0
336,612,9.0
612,440,8.0
440,191,11.0
191,148,13.0
148,662,14.0
662,570,12.0
570,597,21.0
597,020,2.0
020,082,10.0
082,276,15.0
276,079,16.0
079,685,19.0
685,921,12.0
921,059,14.0
059,835,16.0
835,260,8.0
260,153,9.0
153,942,15.0
942,219,12.0
219,294,15.0
294,853,16.0
853,663,15.0
663,902,11.0
902,535,13.0
535,828,18.0
828,948,21.0
948,902,11.0
902,880,16.0
880,462,12.0
462,468,18.0
468,978,24.0
978,430,7.0
430,503,8.0
503,221,5.0
221,314,8.0
314,297,18.0
297,997,25.0
997,874,19.0
874,822,12.0
822,234,9.0
234,227,11.0
227,567,18.0
567,034,7.0
034,879,24.0
879,900,9.0
900,472,13.0
472,392,14.0
392,683,17.0
683,740,11.0
740,776,20.0
776,531,9.0
531,116,8.0
116,794,20.0
794,818,17.0
818,037,10.0
037,042,6.0
042,265,13.0
265,231,6.0
231,885,21.0
885,143,8.0
143,827,17.0
827,511,7.0
511,485,17.0
485,901,10.0
901,296,17.0
296,049,13.0
049,623,11.0
623,434,11.0
434,251,8.0
251,586,19.0
586,137,11.0
137,447,15.0
447,705,12.0
705,397,19.0
397,389,20.0
389,574,16.0
574,602,8.0
602,496,19.0
496,296,17.0
296,804,12.0
804,807,15.0
807,004,4.0
004,337,13.0
337,087,15.0
087,852,15.0
852,290,11.0
290,878,23.0
878,822,12.0
822,348,15.0
348,472,13.0
472,511,7.0
511,704,11.0
704,538,16.0
538,789,24.0
789,802,10.0
802,051,6.0
051,602,8.0
602,914,14.0
914,959,23.0
959,665,17.0
665,677,20.0
677,000,0.0
000,536,14.0
536,776,20.0
776,883,19.0
883,265,13.0
265,047,11.0
047,125,8.0
125,242,8.0
242,545,14.0
545,798,24.0
798,432,9.0
432,170,8.0
170,044,8.0
044,853,16.0
853,588,21.0
588,333,9.0
333,232,7.0
232,548,17.0
548,885,21.0
885,983,20.0
983,594,18.0
594,048,12.0
048,031,4.0
031,248,14.0
248,765,18.0
765,341,8.0
341,672,15.0
672,036,9.0
036,153,9.0
153,439,16.0
439,465,15.0
465,909,18.0
909,426,12.0
426,109,10.0
109,936,18.0
936,328,13.0
328,335,11.0
335,956,20.0
956,345,12.0
345,877,22.0
877,612,9.0
612,663,15.0
663,068,14.0
068,882,18.0
882,328,13.0
328,362,11.0
362,758,20.0
758,715,13.0
715,293,14.0
293,059,14.0
059,562,13.0
562,444,12.0
444,858,21.0
858,980,17.0
980,061,7.0
061,266,14.0
266,842,14.0
842,046,10.0
046,873,18.0
873,497,20.0
497,493,16.0
493,134,8.0
134,007,7.0
007,695,20.0
695,478,19.0
478,417,12.0
417,373,13.0
373,898,25.0
898,985,22.0
985,999,27.0
999,987,24.0
987,949,22.0
949,103,4.0
103,591,15.0
591,997,25.0
997,989,26.0
989,103,4.0
103,010,1.0
010,018,9.0
018,263,11.0
263,575,17.0
575,281,11.0
281,831,12.0
831,050,5.0
050,575,17.0
575,719,17.0
719,262,10.0
262,670,13.0
670,615,12.0
615,812,11.0
812,575,17.0
575,682,16.0
682,691,16.0
691,608,14.0
608,664,16.0
664,138,12.0
138,217,10.0
217,959,23.0
959,219,12.0
219,770,14.0
770,340,7.0
340,610,7.0
610,789,24.0
789,110,2.0
110,887,23.0
887,845,17.0
845,054,9.0
054,265,13.0
265,252,9.0
252,601,7.0
601,043,7.0
043,405,9.0
405,155,11.0
155,484,16.0
484,010,1.0
010,475,16.0
475,532,10.0
532,361,10.0
361,408,12.0
408,487,19.0
487,780,15.0
780,245,11.0
245,786,21.0
786,123,6.0
123,371,11.0
371,306,9.0
306,674,17.0
674,924,15.0
924,879,24.0
879,500,5.0
500,390,12.0
390,140,5.0
140,249,15.0
249,941,14.0
941,014,5.0
014,003,3.0
003,594,18.0
594,544,13.0
544,853,16.0
853,734,14.0
734,550,10.0
550,943,16.0
943,746,17.0
746,287,17.0
287,464,14.0
464,317,11.0
317,446,14.0
446,112,4.0
112,157,13.0
157,194,14.0
194,060,6.0
060,729,18.0
729,351,9.0
351,168,15.0
168,926,17.0
926,402,6.0
402,796,22.0
796,061,7.0
061,501,6.0
501,464,14.0
464,848,20.0
848,846,18.0
846,416,11.0
416,661,13.0
661,578,20.0
578,060,6.0
060,061,7.0
061,813,12.0
813,531,9.0
531,883,19.0
883,951,15.0
951,894,21.0
894,033,6.0
033,972,18.0
972,135,9.0
135,170,8.0
170,708,15.0
708,626,14.0
626,879,24.0
879,050,5.0
050,632,11.0
632,326,11.0
326,051,6.0
051,347,14.0
347,258,15.0
258,350,8.0
350,362,11.0
362,470,11.0
470,013,4.0
013,315,9.0
315,388,19.0
388,471,12.0
471,792,18.0
792,315,9.0
315,276,15.0
276,849,21.0
849,331,7.0
331,347,14.0
347,670,13.0
670,789,24.0
789,394,16.0
394,219,12.0
219,787,22.0
787,031,4.0
031,298,19.0
298,504,9.0
504,980,17.0
980,758,20.0
758,470,11.0
470,081,9.0
081,211,4.0
211,157,13.0
157,865,19.0
865,608,14.0
608,900,9.0
900,249,15.0
249,418,13.0
418,296,17.0
296,047,11.0
047,466,16.0
466,558,18.0
558,238,13.0
238,922,13.0
922,716,14.0
716,612,9.0
612,136,10.0
136,515,11.0
515,177,15.0
177,040,4.0
040,382,13.0
382,593,17.0
593,750,12.0
750,559,19.0
559,559,19.0
559,487,19.0
487,738,18.0
738,087,15.0
087,243,9.0
243,066,12.0
066,935,17.0
935,891,18.0
891,258,15.0
258,630,9.0
630,526,13.0
526,789,24.0
789,450,9.0
450,936,18.0
936,174,12.0
174,283,13.0
283,505,10.0
505,978,24.0
978,982,19.0
982,871,16.0
871,431,8.0
431,341,8.0
341,539,17.0
539,046,10.0
046,972,18.0
972,005,5.0
005,012,3.0
012,265,13.0
265,330,6.0
330,521,8.0
521,006,6.0
006,798,24.0
798,876,21.0
876,441,9.0
441,488,20.0
488,308,11.0
308,032,5.0
032,587,20.0
587,971,17.0
971,408,12.0
408,094,13.0
094,411,6.0
411,140,5.0
140,020,2.0
020,760,13.0
760,639,18.0
639,128,11.0
128,849,21.0
849,136,10.0
136,527,14.0
527,013,4.0
013,948,21.0
948,801,9.0
801,326,11.0
326,923,14.0
923,145,10.0
145,357,15.0
357,020,2.0
020,096,15.0
096,579,21.0
579,428,14.0
428,754,16.0
754,754,16.0
754,988,25.0
988,756,18.0
756,434,11.0
434,888,24.0
888,667,19.0
667,207,9.0
207,161,8.0
161,793,19.0
793,280,10.0
280,546,15.0
546,741,12.0
741,301,4.0
301,594,18.0
594,237,12.0
237,637,16.0
637,767,20.0
767,173,11.0
173,088,16.0
088,428,14.0
428,797,23.0
797,142,7.0
142,559,19.0
559,683,17.0
683,230,5.0
230,794,20.0
794,910,10.0
910,131,5.0
131,266,14.0
266,538,16.0
538,746,17.0
746,587,20.0
587,370,10.0
370,755,17.0
755,501,6.0
501,118,10.0
118,435,12.0
435,272,11.0
272,644,14.0
644,329,14.0
329,147,12.0
147,611,8.0
611,787,22.0
787,609,15.0
609,589,22.0
589,542,11.0
542,156,12.0
156,322,7.0
322,821,11.0
821,469,19.0
469,513,9.0
513,186,15.0
186,692,17.0
692,397,19.0
397,052,7.0
052,497,20.0
497,799,25.0
799,798,24.0
798,774,18.0
774,178,16.0
178,731,11.0
731,906,15.0
906,407,11.0
407,349,16.0
349,288,18.0
288,388,19.0
388,108,9.0
108,171,9.0
171,165,12.0
165,481,13.0
481,432,9.0
432,454,13.0
454,061,7.0
061,319,13.0
319,924,15.0
924,130,4.0
130,837,18.0
837,565,16.0
565,216,9.0
216,870,15.0
870,203,5.0
203,708,15.0
708,088,16.0
088,787,22.0
787,289,19.0
289,256,13.0
256,081,9.0
081,347,14.0
347,380,11.0
380,682,16.0
682,837,18.0
837,316,10.0
316,845,17.0
845,340,7.0
340,810,9.0
810,883,19.0
883,926,17.0
926,777,21.0
777,331,7.0
331,111,3.0
111,289,19.0
289,881,17.0
881,513,9.0
513,537,15.0
537,895,22.0
895,922,13.0
922,935,17.0
935,036,9.0
036,954,18.0
954,344,11.0
344,387,18.0
387,691,16.0
691,982,19.0
982,634,13.0
634,558,18.0
558,617,14.0
617,947,20.0
947,669,21.0
669,375,15.0
375,563,14.0
563,709,16.0
709,261,9.0
261,264,12.0
264,557,17.0
557,457,16.0
457,085,13.0
085,536,14.0
536,349,16.0
349,659,20.0
659,728,17.0
728,001,1.0
001,621,9.0
621,648,18.0
648,004,4.0
004,813,12.0
813,532,10.0
532,809,17.0
809,474,15.0
474,010,1.0
010,300,3.0
300,094,13.0
094,087,15.0
087,289,19.0
289,657,18.0
657,098,17.0
098,067,13.0
067,983,20.0
983,551,11.0
551,636,15.0
636,251,8.0
251,626,14.0
626,603,9.0
603,351,9.0
351,364,13.0
364,639,18.0
639,623,11.0
623,215,8.0
215,506,11.0
506,749,20.0
749,720,9.0
720,631,10.0
631,642,12.0
642,828,18.0
828,953,17.0
953,579,21.0
579,715,13.0
715,629,17.0
629,750,12.0
750,556,16.0
556,470,11.0
470,977,23.0
977,967,22.0
967,160,7.0
160,030,3.0
030,499,22.0
499,173,11.0
173,014,5.0
014,648,18.0
648,391,13.0
391,697,22.0
697,587,20.0
587,821,11.0
821,425,11.0
425,881,17.0
881,203,5.0
203,578,20.0
578,628,16.0
628,829,19.0
829,950,14.0
950,452,11.0
452,756,18.0
756,626,14.0
626,418,13.0
418,042,6.0
042,045,9.0
045,614,11.0
614,615,12.0
615,350,8.0
350,510,6.0
510,379,19.0
379,150,6.0
150,005,5.0
005,736,16.0
736,375,15.0
375,061,7.0
061,893,20.0
893,503,8.0
503,556,16.0
556,760,13.0
760,048,12.0
048,807,15.0
807,141,6.0
141,570,12.0
570,473,14.0
473,359,17.0
359,329,14.0
329,498,21.0
498,761,14.0
761,724,13.0
724,336,12.0
336,102,3.0
102,235,10.0
235,338,14.0
338,886,22.0
886,463,13.0
463,513,9.0
513,819,18.0
819,117,9.0
117,530,8.0
530,174,12.0
174,489,21.0
489,941,14.0
941,902,11.0
902,157,13.0
157,869,23.0
869,137,11.0
137,794,20.0
794,477,18.0
477,340,7.0
340,363,12.0
363,022,4.0
022,324,9.0
324,289,19.0
289,669,21.0
669,329,14.0
329,258,15.0
258,514,10.0
514,335,11.0
335,923,14.0
923,087,15.0
087,636,15.0
636,569,20.0
569,386,17.0
386,091,10.0
091,454,13.0
454,937,19.0
937,536,14.0
536,133,7.0
133,447,15.0
447,068,14.0
068,537,15.0
537,643,13.0
643,698,23.0
698,617,14.0
617,691,16.0
691,966,21.0
966,297,18.0
297,245,11.0
245,356,14.0
356,033,6.0
033,020,2.0
020,361,10.0
361,832,13.0
832,689,23.0
689,906,15.0
906,181,10.0
181,761,14.0
761,498,21.0
498,978,24.0
978,930,12.0
930,043,7.0
043,003,3.0
003,999,27.0
999,441,9.0
441,615,12.0
615,955,19.0
955,720,9.0
720,940,13.0
940,218,11.0
218,692,17.0
692,663,15.0
663,336,12.0
336,847,19.0
847,717,15.0
717,222,6.0
222,573,15.0
573,345,12.0
345,270,9.0
270,919,19.0
919,665,17.0
665,038,11.0
038,243,9.0
243,241,7.0
241,136,10.0
136,209,11.0
209,231,6.0
231,102,3.0
102,671,14.0
671,668,20.0
668,099,18.0
099,513,9.0
513,186,15.0
186,903,12.0
903,519,15.0
519,266,14.0
266,549,18.0
549,758,20.0
758,879,24.0
879,369,18.0
369,616,13.0
616,246,12.0
246,785,20.0
785,861,15.0
861,815,14.0
815,275,14.0
275,473,14.0
473,779,23.0
779,567,18.0
567,119,11.0
119,448,16.0
448,858,21.0
858,095,14.0
095,848,20.0
848,339,15.0
339,613,10.0
613,792,18.0
792,525,12.0
525,767,20.0
767,947,20.0
947,723,12.0
723,977,23.0
977,908,17.0
908,160,7.0
160,325,10.0
325,154,10.0
154,369,18.0
369,620,8.0
620,875,20.0
875,541,10.0
541,693,18.0
693,558,18.0
558,347,14.0
347,203,5.0
203,902,11.0
902,527,14.0
527,131,5.0
131,651,12.0
651,684,18.0
684,706,13.0
706,859,22.0
859,695,20.0
695,365,14.0
365,856,19.0
856,676,19.0
676,767,20.0
767,712,10.0
712,328,13.0
328,682,16.0
682,313,7.0
313,828,18.0
828,973,19.0
973,932,14.0
932,647,17.0
647,664,16.0
664,102,3.0
102,992,20.0
992,272,11.0
272,749,20.0
749,179,17.0
179,810,9.0
810,659,20.0
659,401,5.0
401,875,20.0
875,084,12.0
084,746,17.0
746,891,18.0
891,078,15.0
078,858,21.0
858,813,12.0
813,583,16.0
583,021,3.0
021,720,9.0
720,828,18.0
828,393,15.0
393,736,16.0
736,928,19.0
928,326,11.0
326,612,9.0
612,665,17.0
665,647,17.0
647,031,4.0
031,294,15.0
294,094,13.0
094,855,18.0
855,109,10.0
109,726,15.0
726,537,15.0
537,311,5.0
311,666,18.0
666,861,15.0
861,173,11.0
173,698,23.0
698,861,15.0
861,960,15.0
960,162,9.0
162,714,12.0
714,853,16.0
853,901,10.0
901,444,12.0
444,775,19.0
775,705,12.0
705,905,14.0
905,442,10.0
442,804,12.0
804,782,17.0
782,430,7.0
430,913,13.0
913,030,3.0
030,351,9.0
351,490,13.0
490,406,10.0
406,637,16.0
637,280,10.0
280,419,14.0
419,188,17.0
188,543,12.0
543,105,6.0
105,856,19.0
856,771,15.0
771,723,12.0
723,791,17.0
791,300,3.0
300,232,7.0
232,114,6.0
114,979,25.0
979,136,10.0
136,879,24.0
879,710,8.0
710,517,13.0
517,817,16.0
817,420,6.0
420,109,10.0
109,497,20.0
497,241,7.0
241,391,13.0
391,050,5.0
050,921,12.0
921,218,11.0
218,462,12.0
462,959,23.0
959,723,12.0
723,757,19.0
757,669,21.0
669,715,13.0
715,765,18.0
765,285,15.0
285,236,11.0
236,300,3.0
300,285,15.0
285,512,8.0
512,434,11.0
434,131,5.0
131,355,13.0
355,568,19.0
568,609,15.0
609,658,19.0
658,453,12.0
453,902,11.0
902,557,17.0
557,887,23.0
887,898,25.0
898,944,17.0
944,267,15.0
267,934,16.0
934,428,14.0
428,135,9.0
135,938,20.0
938,578,20.0
578,770,14.0
770,203,5.0
203,372,12.0
372,933,15.0
933,672,15.0
672,912,12.0
912,686,20.0
686,095,14.0
095,481,13.0
481,361,10.0
361,234,9.0
234,362,11.0
362,521,8.0
521,639,18.0
639,326,11.0
326,387,18.0
387,951,15.0
951,142,7.0
142,302,5.0
302,856,19.0
856,370,10.0
370,778,22.0
778,284,14.0
284,048,12.0
048,751,13.0
751,237,12.0
237,664,16.0
664,591,15.0
591,389,20.0
389,517,13.0
517,135,9.0
135,937,19.0
937,362,11.0
362,895,22.0
895,952,16.0
952,091,10.0
091,748,19.0
748,598,22.0
598,707,14.0
707,535,13.0
535,885,21.0
885,903,12.0
903,801,9.0
801,265,13.0
265,778,22.0
778,731,11.0
731,857,20.0
857,287,17.0
287,513,9.0
513,911,11.0
911,812,11.0
812,063,9.0
063,369,18.0
369,313,7.0
313,986,23.0
986,716,14.0
716,124,7.0
124,256,13.0
256,354,12.0
354,822,12.0
822,331,7.0
331,344,11.0
344,770,14.0
770,053,8.0
053,070,7.0
070,996,24.0
996,358,16.0
358,827,17.0
827,367,16.0
367,703,10.0
703,681,15.0
681,174,12.0
174,686,20.0
686,466,16.0
466,352,10.0
352,406,10.0
406,567,18.0
567,883,19.0
883,562,13.0
562,741,12.0
741,613,10.0
613,033,6.0
033,228,12.0
228,899,26.0
899,994,22.0
994,148,13.0
148,569,20.0
569,364,13.0
364,159,15.0
159,744,15.0
744,975,21.0
975,276,15.0
276,001,1.0
001,414,9.0
414,694,19.0
694,558,18.0
558,346,13.0
346,881,17.0
881,854,17.0
854,136,10.0
136,471,12.0
471,496,19.0
496,333,9.0
333,312,6.0
312,008,8.0
008,398,20.0
398,797,23.0
797,210,3.0
210,872,17.0
872,285,15.0
285,173,11.0
173,248,14.0
248,935,17.0
935,363,12.0
363,608,14.0
608,707,14.0
707,076,13.0
076,113,5.0
113,739,19.0
739,739,19.0
739,299,20.0
299,549,18.0
549,945,18.0
945,585,18.0
585,698,23.0
698,877,22.0
877,115,7.0
115,614,11.0
614,695,20.0
695,181,10.0
181,119,11.0
119,888,24.0
888,077,14.0
077,359,17.0
359,920,11.0
920,556,16.0
556,482,14.0
482,676,19.0
676,566,17.0
566,055,10.0
055,623,11.0
623,499,22.0
499,878,23.0
878,015,6.0
015,008,8.0
008,045,9.0
045,439,16.0
439,284,14.0
284,509,14.0
509,605,11.0
605,731,11.0
731,814,13.0
814,160,7.0
160,167,14.0
167,745,16.0
745,695,20.0
695,331,7.0
331,266,14.0
266,488,20.0
488,557,17.0
557,725,14.0
725,936,18.0
936,421,7.0
421,524,11.0
524,350,8.0
350,698,23.0
698,809,17.0
809,596,20.0
596,046,10.0
046,407,11.0
407,749,20.0
749,470,11.0
470,593,17.0
593,573,15.0
573,840,12.0
840,305,8.0
305,341,8.0
341,390,12.0
390,518,14.0
518,366,15.0
366,377,17.0
377,697,22.0
697,560,11.0
560,822,12.0
822,105,6.0
105,625,13.0
625,129,12.0
129,735,15.0
735,487,19.0
487,449,17.0
449,020,2.0
020,074,11.0
074,787,22.0
787,576,18.0
576,075,12.0
075,174,12.0
174,882,18.0
882,231,6.0
231,518,14.0
518,910,10.0
910,644,14.0
644,322,7.0
322,577,19.0
577,158,14.0
158,864,18.0
864,975,21.0
975,454,13.0
454,868,22.0
868,143,8.0
143,262,10.0
262,242,8.0
242,102,3.0
102,276,15.0
276,754,16.0
754,652,13.0
652,731,11.0
731,702,9.0
702,278,17.0
278,036,9.0
036,557,17.0
557,945,18.0
945,570,12.0
570,679,22.0
679,861,15.0
861,050,5.0
050,000,0.0
000,480,12.0
480,899,26.0
899,395,17.0
395,134,8.0
134,897,24.0
897,650,11.0
650,624,12.0
624,348,15.0
348,114,6.0
114,237,12.0
237,376,16.0
376,107,8.0
107,272,11.0
272,193,13.0
193,873,18.0
873,259,16.0
259,359,17.0
359,709,16.0
709,250,7.0
250,028,10.0
028,854,17.0
854,893,20.0
893,606,12.0
606,315,9.0
315,817,16.0
817,469,19.0
469,950,14.0
950,221,5.0
221,582,15.0
582,125,8.0
125,909,18.0
909,976,22.0
976,202,4.0
202,169,16.0
169,783,18.0
783,888,24.0
888,246,12.0
246,317,11.0
317,650,11.0
650,779,23.0
779,369,18.0
369,883,19.0
883,110,2.0
110,415,10.0
415,125,8.0
125,942,15.0
942,428,14.0
428,084,12.0
084,016,7.0
016,818,17.0
818,383,14.0
383,049,13.0
049,289,19.0
289,806,14.0
806,029,11.0
029,559,19.0
559,367,16.0
367,225,9.0
225,448,16.0
448,151,7.0
151,493,16.0
493,262,10.0
262,301,4.0
301,299,20.0
299,097,16.0
097,550,10.0
550,189,18.0
189,054,9.0
054,776,20.0
776,983,20.0
983,318,12.0
318,244,10.0
244,709,16.0
709,831,12.0
831,690,15.0
690,961,16.0
961,663,15.0
663,877,22.0
877,153,9.0
153,832,13.0
832,529,16.0
529,557,17.0
557,470,11.0
470,243,9.0
243,774,18.0
774,888,24.0
888,157,13.0
157,373,13.0
373,113,5.0
113,398,20.0
398,045,9.0
045,830,11.0
830,743,14.0
743,997,25.0
997,073,10.0
073,744,15.0
744,856,19.0
856,801,9.0
801,656,17.0
656,572,14.0
572,805,13.0
805,045,9.0
045,651,12.0
651,160,7.0
160,784,19.0
784,789,24.0
789,334,10.0
334,326,11.0
326,507,12.0
507,137,11.0
137,430,7.0
430,359,17.0
359,010,1.0
010,621,9.0
621,907,16.0
907,848,20.0
848,143,8.0
143,740,11.0
740,626,14.0
626,998,26.0
998,378,18.0
378,624,12.0
624,435,12.0
435,085,13.0
085,277,16.0
277,874,19.0
874,883,19.0
883,565,16.0
565,373,13.0
373,443,11.0
443,411,6.0
411,860,14.0
860,105,6.0
105,989,26.0
989,914,14.0
914,525,12.0
525,898,25.0
898,489,21.0
489,659,20.0
659,049,13.0
049,061,7.0
061,328,13.0
328,266,14.0
266,976,22.0
976,628,16.0
628,451,10.0
451,564,15.0
564,265,13.0
265,052,7.0
052,860,14.0
860,416,11.0
416,109,10.0
109,139,13.0
139,441,9.0
441,319,13.0
319,760,13.0
760,699,24.0
699,446,14.0
446,395,17.0
395,499,22.0
499,087,15.0
087,560,11.0
560,037,10.0
037,531,9.0
531,891,18.0
891,554,14.0
554,204,6.0
204,694,19.0
694,132,6.0
132,458,17.0
458,497,20.0
497,378,18.0
378,188,17.0
188,698,23.0
698,289,19.0
289,212,5.0
212,278,17.0
278,297,18.0
297,404,8.0
404,808,16.0
808,367,16.0
367,410,5.0
410,233,8.0
233,038,11.0
038,334,10.0
334,144,9.0
144,942,15.0
942,173,11.0
173,038,11.0
038,634,13.0
634,279,18.0
279,023,5.0
023,950,14.0
950,596,20.0
596,173,11.0
173,499,22.0
499,329,14.0
329,975,21.0
975,784,19.0
784,320,5.0
320,932,14.0
932,347,14.0
347,303,6.0
303,915,15.0
915,907,16.0
907,610,7.0
610,407,11.0
407,695,20.0
695,661,13.0
661,308,11.0
308,823,13.0
823,790,16.0
790,099,18.0
099,139,13.0
139,618,15.0
618,380,11.0
380,703,10.0
703,695,20.0
695,489,21.0
489,869,23.0
869,659,20.0
659,387,18.0
387,244,10.0
244,195,15.0
195,712,10.0
712,641,11.0
641,007,7.0
007,695,20.0
695,323,8.0
323,598,22.0
598,909,18.0
909,706,13.0
706,119,11.0
119,249,15.0
249,396,18.0
396,041,5.0
041,273,12.0
273,033,6.0
033,634,13.0
634,041,5.0
041,017,8.0
017,691,16.0
691,920,11.0
920,151,7.0
151,278,17.0
278,784,19.0
784,839,20.0
839,174,12.0
174,498,21.0
498,336,12.0
336,912,12.0
912,753,15.0
753,813,12.0
813,989,26.0
989,761,14.0
761,941,14.0
941,625,13.0
625,503,8.0
503,435,12.0
435,688,22.0
688,787,22.0
787,250,7.0
250,560,11.0
560,393,15.0
393,619,16.0
619,732,12.0
732,107,8.0
107,691,16.0
691,453,12.0
453,753,15.0
753,862,16.0
862,641,11.0
641,123,6.0
123,957,21.0
957,134,8.0
134,594,18.0
594,914,14.0
914,708,15.0
708,762,15.0
762,843,15.0
843,936,18.0
936,308,11.0
308,703,10.0
703,326,11.0
326,425,11.0
425,631,10.0
631,981,18.0
981,679,22.0
679,340,7.0
340,336,12.0
336,650,11.0
650,100,1.0
100,480,12.0
480,238,13.0
238,043,7.0
043,699,24.0
699,900,9.0
900,126,9.0
126,282,12.0
282,061,7.0
061,551,11.0
551,217,10.0
217,414,9.0
414,532,10.0
532,348,15.0
348,704,11.0
704,824,14.0
824,622,10.0
622,875,20.0
875,405,9.0
405,954,18.0
954,111,3.0
111,473,14.0
473,099,18.0
099,249,15.0
249,967,22.0
967,282,12.0
282,289,19.0
289,640,10.0
640,635,14.0
635,261,9.0
261,075,12.0
075,908,17.0
908,717,15.0
717,644,14.0
644,845,17.0
845,777,21.0
777,815,14.0
815,020,2.0
020,650,11.0
650,896,23.0
896,643,13.0
643,075,12.0
075,001,1.0
001,181,10.0
181,450,9.0
450,062,8.0
062,356,14.0
356,803,11.0
803,754,16.0
754,039,12.0
039,741,12.0
741,126,9.0
126,543,12.0
543,941,14.0
941,553,13.0
553,328,13.0
328,949,22.0
949,641,11.0
641,528,15.0
528,731,11.0
731,739,19.0
739,851,14.0
851,606,12.0
606,383,14.0
383,692,17.0
692,010,1.0
010,557,17.0
557,701,8.0
701,519,15.0
519,143,8.0
143,248,14.0
248,960,15.0
960,468,18.0
468,968,23.0
968,981,18.0
981,606,12.0
606,387,18.0
387,778,22.0
778,592,16.0
592,293,14.0
293,026,8.0
026,416,11.0
416,280,10.0
280,324,9.0
324,110,2.0
110,624,12.0
624,729,18.0
729,916,16.0
916,699,24.0
699,521,8.0
521,278,17.0
278,563,14.0
563,531,9.0
531,447,15.0
447,349,16.0
349,938,20.0
938,324,9.0
324,180,9.0
180,815,14.0
815,802,10.0
802,353,11.0
353,583,16.0
583,952,16.0
952,709,16.0
709,581,14.0
581,671,14.0
671,159,15.0
159,273,12.0
273,879,24.0
879,261,9.0
261,258,15.0
258,475,16.0
475,344,11.0
344,356,14.0
356,391,13.0
391,438,15.0
438,993,21.0
993,461,11.0
461,680,14.0
680,997,25.0
997,232,7.0
232,229,13.0
229,612,9.0
612,134,8.0
134,655,16.0
655,642,12.0
642,070,7.0
070,079,16.0
079,014,5.0
014,254,11.0
254,624,12.0
624,369,18.0
369,996,24.0
996,261,9.0
261,980,17.0
980,434,11.0
434,070,7.0
070,369,18.0
369,451,10.0
451,373,13.0
373,819,18.0
819,818,17.0
818,607,13.0
607,698,23.0
698,764,17.0
764,939,21.0
939,286,16.0
286,785,20.0
785,860,14.0
860,111,3.0
111,628,16.0
628,869,23.0
869,403,7.0
403,010,1.0
010,008,8.0
008,318,12.0
318,656,17.0
656,516,12.0
516,899,26.0
899,849,21.0
849,473,14.0
473,392,14.0
392,602,8.0
602,751,13.0
751,475,16.0
475,120,3.0
120,271,10.0
271,256,13.0
256,657,18.0
657,236,11.0
236,888,24.0
888,361,10.0
361,232,7.0
232,628,16.0
628,920,11.0
920,100,1.0
100,896,23.0
896,795,21.0
795,696,21.0
696,999,27.0
999,977,23.0
977,020,2.0
020,508,13.0
508,577,19.0
577,915,15.0
915,864,18.0
864,144,9.0
144,981,18.0
981,612,9.0
612,845,17.0
845,706,13.0
706,011,2.0
011,446,14.0
446,755,17.0
755,790,16.0
790,828,18.0
828,191,11.0
191,705,12.0
705,777,21.0
777,334,10.0
334,787,22.0
787,752,14.0
752,019,10.0
019,914,14.0
914,082,10.0
082,963,18.0
963,320,5.0
320,118,10.0
118,064,10.0
064,555,15.0
555,889,25.0
889,722,11.0
722,835,16.0
835,178,16.0
178,514,10.0
514,967,22.0
967,668,20.0
668,873,18.0
873,319,13.0
319,995,23.0
995,498,21.0
498,313,7.0
313,831,12.0
831,887,23.0
887,899,26.0
899,764,17.0
764,957,21.0
957,462,12.0
462,899,26.0
899,267,15.0
267,107,8.0
107,264,12.0
264,107,8.0
107,454,13.0
454,432,9.0
432,811,10.0
811,683,17.0
683,952,16.0
952,671,14.0
671,290,11.0
290,187,16.0
187,145,10.0
145,234,9.0
234,810,9.0
810,801,9.0
801,550,10.0
550,065,11.0
065,884,20.0
884,566,17.0
566,199,19.0
199,365,14.0
365,053,8.0
053,216,9.0
216,241,7.0
241,205,7.0
205,896,23.0
896,701,8.0
701,508,13.0
508,547,16.0
547,253,10.0
253,635,14.0
635,090,9.0
090,313,7.0
313,644,14.0
644,988,25.0
988,925,16.0
925,905,14.0
905,553,13.0
553,131,5.0
131,577,19.0
577,580,13.0
580,813,12.0
813,781,16.0
781,651,12.0
651,416,11.0
416,774,18.0
774,713,11.0
713,408,12.0
408,224,8.0
224,663,15.0
663,878,23.0
878,519,15.0
519,870,15.0
870,119,11.0
119,731,11.0
731,417,12.0
417,281,11.0
281,702,9.0
702,381,12.0
381,141,6.0
141,605,11.0
605,773,17.0
773,743,14.0
743,503,8.0
503,498,21.0
498,864,18.0
864,672,15.0
672,313,7.0
313,511,7.0
511,306,9.0
306,601,7.0
601,189,18.0
189,567,18.0
567,133,7.0
133,030,3.0
030,039,12.0
039,823,13.0
823,297,18.0
297,847,19.0
847,037,10.0
037,222,6.0
222,827,17.0
827,188,17.0
188,411,6.0
411,451,10.0
451,660,12.0
660,430,7.0
430,275,14.0
275,022,4.0
022,750,12.0
750,331,7.0
331,461,11.0
461,197,17.0
197,980,17.0
980,880,16.0
880,360,9.0
360,812,11.0
812,755,17.0
755,339,15.0
339,182,11.0
182,239,14.0
239,378,18.0
378,231,6.0
231,661,13.0
661,001,1.0
001,685,19.0
685,471,12.0
471,218,11.0
218,055,10.0
055,313,7.0
313,097,16.0
097,971,17.0
971,259,16.0
259,599,23.0
599,240,6.0
240,274,13.0
274,227,11.0
227,784,19.0
784,079,16.0
079,607,13.0
607,716,14.0
716,771,15.0
771,598,22.0
598,844,16.0
844,405,9.0
405,451,10.0
451,871,16.0
871,988,25.0
988,474,15.0
474,758,20.0
758,415,10.0
415,241,7.0
241,139,13.0
139,674,17.0
674,776,20.0
776,936,18.0
936,438,15.0
438,887,23.0
887,326,11.0
326,309,12.0
309,268,16.0
268,796,22.0
796,746,17.0
746,565,16.0
565,367,16.0
367,634,13.0
634,349,16.0
349,899,26.0
899,836,17.0
836,955,19.0
955,314,8.0
314,472,13.0
472,947,20.0
947,718,16.0
718,178,16.0
178,069,15.0
069,224,8.0
224,810,9.0
810,622,10.0
622,491,14.0
491,301,4.0
301,288,18.0
288,490,13.0
490,840,12.0
840,680,14.0
680,561,12.0
561,807,15.0
807,196,16.0
196,158,14.0
158,757,19.0
757,442,10.0
442,688,22.0
688,799,25.0
799,368,17.0
368,547,16.0
547,827,17.0
827,285,15.0
285,640,10.0
640,889,25.0
889,569,20.0
569,856,19.0
856,783,18.0
783,464,14.0
464,395,17.0
395,622,10.0
622,197,17.0
197,163,10.0
163,683,17.0
683,043,7.0
043,472,13.0
472,799,25.0
799,636,15.0
636,656,17.0
656,861,15.0
861,224,8.0
224,521,8.0
521,794,20.0
794,076,13.0
076,094,13.0
094,043,7.0
043,833,14.0
833,275,14.0
275,744,15.0
744,178,16.0
178,150,6.0
150,711,9.0
711,117,9.0
117,278,17.0
278,367,16.0
367,283,13.0
283,452,11.0
452,068,14.0
068,218,11.0
218,875,20.0
875,325,10.0
325,982,19.0
982,700,7.0
700,731,11.0
731,909,18.0
909,902,11.0
902,027,9.0
027,656,17.0
656,207,9.0
207,402,6.0
402,764,17.0
764,047,11.0
047,660,12.0
660,599,23.0
599,730,10.0
730,919,19.0
919,055,10.0
055,053,8.0
053,031,4.0
031,937,19.0
937,029,11.0
029,047,11.0
047,245,11.0
245,610,7.0
610,371,11.0
371,773,17.0
773,713,11.0
713,515,11.0
515,727,16.0
727,505,10.0
505,223,7.0
223,771,15.0
771,522,9.0
522,998,26.0
998,351,9.0
351,695,20.0
695,209,11.0
209,614,11.0
614,797,23.0
797,773,17.0
773,370,10.0
370,649,19.0
649,917,17.0
917,668,20.0
668,513,9.0
513,407,11.0
407,142,7.0
142,437,14.0
437,330,6.0
330,287,17.0
287,614,11.0
614,785,20.0
785,362,11.0
362,088,16.0
088,978,24.0
978,288,18.0
288,935,17.0
935,945,18.0
945,667,19.0
667,974,20.0
974,182,11.0
182,774,18.0
774,382,13.0
382,041,5.0
041,678,21.0
678,312,6.0
312,713,11.0
713,192,12.0
192,308,11.0
308,296,17.0
296,963,18.0
963,461,11.0
461,429,15.0
429,642,12.0
642,391,13.0
391,474,15.0
474,041,5.0
041,949,22.0
949,605,11.0
605,213,6.0
213,605,11.0
605,557,17.0
557,011,2.0
011,161,8.0
161,924,15.0
924,829,19.0
829,817,16.0
817,081,9.0
081,802,10.0
802,073,10.0
073,076,13.0
076,475,16.0
475,100,1.0
100,738,18.0
738,667,19.0
667,139,13.0
139,670,13.0
670,150,6.0
150,684,18.0
684,339,15.0
339,524,11.0
524,066,12.0
066,209,11.0
209,669,21.0
669,460,10.0
460,897,24.0
897,361,10.0
361,370,10.0
370,478,19.0
478,392,14.0
392,275,14.0
275,942,15.0
942,621,9.0
621,162,9.0
162,582,15.0
582,502,7.0
502,395,17.0
395,304,7.0
304,941,14.0
941,988,25.0
988,578,20.0
578,551,11.0
551,718,16.0
718,194,14.0
194,767,20.0
767,395,17.0
395,031,4.0
031,298,19.0
298,902,11.0
902,424,10.0
424,180,9.0
180,281,11.0
281,708,15.0
708,714,12.0
714,627,15.0
627,608,14.0
608,122,5.0
122,876,21.0
876,124,7.0
124,143,8.0
143,411,6.0
411,552,12.0
552,425,11.0
425,260,8.0
260,430,7.0
430,330,6.0
330,580,13.0
580,283,13.0
283,119,11.0
119,803,11.0
803,688,22.0
688,681,15.0
681,855,18.0
855,703,10.0
703,675,18.0
675,902,11.0
902,689,23.0
689,444,12.0
444,672,15.0
672,384,15.0
384,628,16.0
628,859,22.0
859,238,13.0
238,354,12.0
354,938,20.0
938,175,13.0
175,770,14.0
770,447,15.0
447,553,13.0
553,697,22.0
697,585,18.0
585,194,14.0
194,241,7.0
241,258,15.0
258,657,18.0
657,272,11.0
272,284,14.0
284,648,18.0
648,627,15.0
627,363,12.0
363,583,16.0
583,648,18.0
648,980,17.0
980,832,13.0
832,883,19.0
883,895,22.0
895,626,14.0
626,531,9.0
531,208,10.0
208,411,6.0
411,597,21.0
597,858,21.0
858,965,20.0
965,876,21.0
876,284,14.0
284,636,15.0
636,397,19.0
397,987,24.0
987,804,12.0
804,806,14.0
806,199,19.0
199,130,4.0
130,077,14.0
077,260,8.0
260,685,19.0
685,347,14.0
347,659,20.0
659,359,17.0
359,843,15.0
843,631,10.0
631,630,9.0
630,279,18.0
279,481,13.0
481,986,23.0
986,316,10.0
316,466,16.0
466,341,8.0
341,668,20.0
668,587,20.0
587,946,19.0
946,045,9.0
045,312,6.0
312,411,6.0
411,575,17.0
575,419,14.0
419,677,20.0
677,115,7.0
115,392,14.0
392,821,11.0
821,391,13.0
391,107,8.0
107,262,10.0
262,180,9.0
180,578,20.0
578,367,16.0
367,612,9.0
612,077,14.0
077,244,10.0
244,594,18.0
594,921,12.0
921,901,10.0
901,764,17.0
764,587,20.0
587,169,16.0
169,840,12.0
840,409,13.0
409,085,13.0
085,650,11.0
650,139,13.0
139,870,15.0
870,211,4.0
211,145,10.0
145,780,15.0
780,341,8.0
341,588,21.0
588,852,15.0
852,701,8.0
701,315,9.0
315,499,22.0
499,743,14.0
743,758,20.0
758,383,14.0
383,182,11.0
182,829,19.0
829,910,10.0
910,645,15.0
645,243,9.0
243,124,7.0
124,429,15.0
429,487,19.0
487,768,21.0
768,965,20.0
965,960,15.0
960,669,21.0
669,970,16.0
970,613,10.0
613,957,21.0
957,250,7.0
250,352,10.0
352,892,19.0
892,170,8.0
170,286,16.0
286,548,17.0
548,389,20.0
389,738,18.0
738,553,13.0
553,285,15.0
285,998,26.0
998,303,6.0
303,495,18.0
495,482,14.0
482,506,11.0
506,404,8.0
404,030,3.0
030,056,11.0
056,623,11.0
623,558,18.0
558,521,8.0
521,934,16.0
934,544,13.0
544,670,13.0
670,206,8.0
206,630,9.0
630,712,10.0
712,559,19.0
559,146,11.0
146,921,12.0
921,036,9.0
036,662,14.0
662,537,15.0
537,911,11.0
911,652,13.0
652,968,23.0
968,072,9.0
072,693,18.0
693,208,10.0
208,361,10.0
361,742,13.0
742,300,3.0
300,819,18.0
819,977,23.0
977,871,16.0
871,210,3.0
210,502,7.0
502,386,17.0
386,761,14.0
761,257,14.0
257,700,7.0
700,793,19.0
793,310,4.0
310,757,19.0
757,392,14.0
392,214,7.0
214,903,12.0
903,248,14.0
248,236,11.0
236,585,18.0
585,854,17.0
854,156,12.0
156,702,9.0
702,068,14.0
068,478,19.0
478,004,4.0
004,809,17.0
809,630,9.0
630,723,12.0
723,335,11.0
335,444,12.0
444,256,13.0
256,204,6.0
204,488,20.0
488,618,15.0
618,805,13.0
805,774,18.0
774,300,3.0
300,683,17.0
683,344,11.0
344,303,6.0
303,969,24.0
969,875,20.0
875,087,15.0
087,610,7.0
610,474,15.0
474,057,12.0
057,224,8.0
224,742,13.0
742,945,18.0
945,613,10.0
613,368,17.0
368,319,13.0
319,645,15.0
645,432,9.0
432,590,14.0
590,283,13.0
283,992,20.0
992,755,17.0
755,955,19.0
955,643,13.0
643,634,13.0
634,687,21.0
687,968,23.0
968,320,5.0
320,164,11.0
164,293,14.0
293,024,6.0
024,185,14.0
185,176,14.0
176,726,15.0
726,322,7.0
322,524,11.0
524,574,16.0
574,554,14.0
554,019,10.0
019,072,9.0
072,149,14.0
149,776,20.0
776,899,26.0
899,980,17.0
980,805,13.0
805,867,21.0
867,517,13.0
517,030,3.0
030,423,9.0
423,008,8.0
008,680,14.0
680,789,24.0
789,423,9.0
423,224,8.0
224,004,4.0
004,529,16.0
529,957,21.0
957,405,9.0
405,233,8.0
233,863,17.0
863,167,14.0
167,114,6.0
114,648,18.0
648,987,24.0
987,573,15.0
573,460,10.0
460,244,10.0
244,197,17.0
197,088,16.0
088,899,26.0
899,711,9.0
711,898,25.0
898,784,19.0
784,358,16.0
358,271,10.0
271,982,19.0
982,378,18.0
378,694,19.0
694,291,12.0
291,860,14.0
860,212,5.0
212,289,19.0
289,882,18.0
882,776,20.0
776,383,14.0
383,207,9.0
207,732,12.0
732,803,11.0
803,943,16.0
943,342,9.0
342,198,18.0
198,956,20.0
956,093,12.0
093,667,19.0
667,323,8.0
323,740,11.0
740,748,19.0
748,200,2.0
200,192,12.0
192,165,12.0
165,169,16.0
169,547,16.0
547,846,18.0
846,005,5.0
005,194,14.0
194,409,13.0
409,134,8.0
134,393,15.0
393,954,18.0
954,250,7.0
250,600,6.0
600,568,19.0
568,309,12.0
309,385,16.0
385,295,16.0
295,166,13.0
166,414,9.0
414,051,6.0
051,552,12.0
552,373,13.0
373,748,19.0
748,681,15.0
681,643,13.0
643,227,11.0
227,626,14.0
626,413,8.0
413,055,10.0
055,398,20.0
398,598,22.0
598,295,16.0
295,956,20.0
956,683,17.0
683,573,15.0
573,753,15.0
753,904,13.0
904,307,10.0
307,115,7.0
115,559,19.0
559,906,15.0
906,742,13.0
742,393,15.0
393,361,10.0
361,528,15.0
528,718,16.0
718,569,20.0
569,091,10.0
091,117,9.0
117,874,19.0
874,714,12.0
714,625,13.0
625,846,18.0
846,367,16.0
367,441,9.0
441,468,18.0
468,962,17.0
962,003,3.0
003,410,5.0
410,427,13.0
427,550,10.0
550,884,20.0
884,579,21.0
579,811,10.0
811,260,8.0
260,999,27.0
999,630,9.0
630,232,7.0
232,112,4.0
112,965,20.0
965,383,14.0
383,157,13.0
157,826,16.0
826,660,12.0
660,082,10.0
082,749,20.0
749,139,13.0
139,928,19.0
928,044,8.0
044,473,14.0
473,493,16.0
493,798,24.0
798,506,11.0
506,300,3.0
300,603,9.0
603,498,21.0
498,573,15.0
573,814,13.0
814,566,17.0
566,115,7.0
115,100,1.0
100,398,20.0
398,806,14.0
806,493,16.0
493,170,8.0
170,315,9.0
315,719,17.0
719,026,8.0
026,020,2.0
020,188,17.0
188,170,8.0
170,916,16.0
916,487,19.0
487,693,18.0
693,944,17.0
944,248,14.0
248,642,12.0
642,368,17.0
368,927,18.0
927,169,16.0
169,307,10.0
307,185,14.0
185,714,12.0
714,506,11.0
506,406,10.0
406,890,17.0
890,128,11.0
128,344,11.0
344,556,16.0
556,242,8.0
242,042,6.0
042,300,3.0
300,732,12.0
732,104,5.0
104,292,13.0
292,537,15.0
537,210,3.0
210,098,17.0
098,613,10.0
613,383,14.0
383,775,19.0
775,296,17.0
296,349,16.0
349,288,18.0
288,149,14.0
149,943,16.0
943,736,16.0
736,452,11.0
452,825,15.0
825,843,15.0
843,464,14.0
464,389,20.0
389,890,17.0
890,060,6.0
060,930,12.0
930,782,17.0
782,592,16.0
592,907,16.0
907,579,21.0
579,627,15.0
627,231,6.0
231,850,13.0
850,228,12.0
228,329,14.0
329,155,11.0
155,798,24.0
798,991,19.0
991,020,2.0
020,849,21.0
849,667,19.0
667,410,5.0
410,510,6.0
510,963,18.0
963,832,13.0
832,465,15.0
465,073,10.0
073,569,20.0
569,451,10.0
451,393,15.0
393,808,16.0
808,407,11.0
407,901,10.0
901,171,9.0
171,836,17.0
836,996,24.0
996,466,16.0
466,418,13.0
418,167,14.0
167,343,10.0
343,985,22.0
985,492,15.0
492,484,16.0
484,014,5.0
014,203,5.0
203,536,14.0
536,921,12.0
921,338,14.0
338,450,9.0
450,759,21.0
759,792,18.0
792,039,12.0
039,215,8.0
215,028,10.0
028,737,17.0
737,632,11.0
632,137,11.0
137,955,19.0
955,192,12.0
192,381,12.0
381,034,7.0
034,895,22.0
895,693,18.0
693,721,10.0
721,602,8.0
602,249,15.0
249,857,20.0
857,466,16.0
466,780,15.0
780,032,5.0
032,184,13.0
184,174,12.0
174,617,14.0
617,288,18.0
288,222,6.0
222,831,12.0
831,360,9.0
360,235,10.0
235,115,7.0
115,770,14.0
770,832,13.0
832,041,5.0
041,328,13.0
328,176,14.0
176,641,11.0
641,669,21.0
669,675,18.0
675,549,18.0
549,251,8.0
251,082,10.0
082,243,9.0
243,139,13.0
139,456,15.0
456,497,20.0
497,564,15.0
564,556,16.0
556,676,19.0
676,556,16.0
556,636,15.0
636,290,11.0
290,784,19.0
784,966,21.0
966,039,12.0
039,318,12.0
318,536,14.0
536,496,19.0
496,851,14.0
851,549,18.0
549,639,18.0
639,640,10.0
640,364,13.0
364,658,19.0
658,632,11.0
632,330,6.0
330,277,16.0
277,849,21.0
849,762,15.0
762,732,12.0
732,149,14.0
149,113,5.0
113,308,11.0
308,857,20.0
857,540,9.0
540,268,16.0
268,807,15.0
807,250,7.0
250,918,18.0
918,929,20.0
929,866,20.0
866,347,14.0
347,380,11.0
380,038,11.0
038,228,12.0
228,417,12.0
417,922,13.0
922,688,22.0
688,209,11.0
209,632,11.0
632,921,12.0
921,556,16.0
556,147,12.0
147,457,16.0
457,622,10.0
622,760,13.0
760,166,13.0
166,670,13.0
670,203,5.0
203,309,12.0
309,554,14.0
554,194,14.0
194,546,15.0
546,636,15.0
636,779,23.0
779,823,13.0
823,123,6.0
123,035,8.0
035,676,19.0
676,266,14.0
266,851,14.0
851,576,18.0
576,992,20.0
992,896,23.0
896,293,14.0
293,296,17.0
296,373,13.0
373,204,6.0
204,046,10.0
046,294,15.0
294,097,16.0
097,576,18.0
576,250,7.0
250,493,16.0
493,006,6.0
006,744,15.0
744,523,10.0
523,382,13.0
382,534,12.0
534,595,19.0
595,644,14.0
644,310,4.0
310,814,13.0
814,656,17.0
656,114,6.0
114,889,25.0
889,524,11.0
524,936,18.0
936,428,14.0
428,286,16.0
286,110,2.0
110,315,9.0
315,709,16.0
709,371,11.0
371,181,10.0
181,743,14.0
743,831,12.0
831,743,14.0
743,899,26.0
899,071,8.0
071,921,12.0
921,974,20.0
974,057,12.0
057,042,6.0
042,150,6.0
150,764,17.0
764,317,11.0
317,706,13.0
706,539,17.0
539,925,16.0
925,408,12.0
408,156,12.0
156,407,11.0
407,103,4.0
103,005,5.0
005,061,7.0
061,646,16.0
646,199,19.0
199,099,18.0
099,034,7.0
034,094,13.0
094,271,10.0
271,304,7.0
304,997,25.0
997,756,18.0
756,166,13.0
166,866,20.0
866,438,15.0
438,718,16.0
718,538,16.0
538,021,3.0
021,994,22.0
994,468,18.0
468,447,15.0
447,267,15.0
267,667,19.0
667,989,26.0
989,140,5.0
140,992,20.0
992,625,13.0
625,339,15.0
339,343,10.0
343,181,10.0
181,419,14.0
419,797,23.0
797,799,25.0
799,869,23.0
869,401,5.0
401,442,10.0
442,340,7.0
340,913,13.0
913,773,17.0
773,694,19.0
694,132,6.0
132,203,5.0
203,466,16.0
466,670,13.0
670,195,15.0
195,023,5.0
023,412,7.0
412,690,15.0
690,514,10.0
514,578,20.0
578,749,20.0
749,936,18.0
936,237,12.0
237,572,14.0
572,247,13.0
247,167,14.0
167,810,9.0
810,307,10.0
307,739,19.0
739,332,8.0
332,422,8.0
422,418,13.0
418,897,24.0
897,708,15.0
708,908,17.0
908,333,9.0
333,149,14.0
149,108,9.0
108,485,17.0
485,879,24.0
879,652,13.0
652,573,15.0
573,093,12.0
093,099,18.0
099,351,9.0
351,098,17.0
098,152,8.0
152,565,16.0
565,253,10.0
253,873,18.0
873,284,14.0
284,965,20.0
965,297,18.0
297,547,16.0
547,843,15.0
843,393,15.0
393,641,11.0
641,613,10.0
613,030,3.0
030,265,13.0
265,295,16.0
295,108,9.0
108,583,16.0
583,398,20.0
398,803,11.0
803,632,11.0
632,503,8.0
503,619,16.0
619,639,18.0
639,877,22.0
877,626,14.0
626,346,13.0
346,944,17.0
944,928,19.0
928,558,18.0
558,964,19.0
964,083,11.0
083,252,9.0
252,484,16.0
484,247,13.0
247,309,12.0
309,921,12.0
921,245,11.0
245,861,15.0
861,847,19.0
847,277,16.0
277,921,12.0
921,127,10.0
127,694,19.0
694,327,12.0
327,976,22.0
976,875,20.0
875,887,23.0
887,769,22.0
769,242,8.0
242,661,13.0
661,012,3.0
012,405,9.0
405,212,5.0
212,112,4.0
112,364,13.0
364,651,12.0
651,643,13.0
643,832,13.0
832,369,18.0
369,962,17.0
962,543,12.0
543,162,9.0
162,015,6.0
015,862,16.0
862,267,15.0
267,843,15.0
843,746,17.0
746,802,10.0
802,140,5.0
140,828,18.0
828,031,4.0
031,732,12.0
732,502,7.0
502,197,17.0
197,628,16.0
628,923,14.0
923,185,14.0
185,349,16.0
349,214,7.0
214,390,12.0
390,036,9.0
036,537,15.0
537,517,13.0
517,748,19.0
748,987,24.0
987,698,23.0
698,347,14.0
347,659,20.0
659,527,14.0
527,290,11.0
290,368,17.0
368,431,8.0
431,985,22.0
985,507,12.0
507,143,8.0
143,108,9.0
108,234,9.0
234,585,18.0
585,694,19.0
694,436,13.0
436,100,1.0
100,518,14.0
518,665,17.0
665,339,15.0
339,086,14.0
086,850,13.0
850,070,7.0
070,383,14.0
383,810,9.0
810,645,15.0
645,120,3.0
120,758,20.0
758,728,17.0
728,436,13.0
436,382,13.0
382,990,18.0
990,301,4.0
301,077,14.0
077,695,20.0
695,413,8.0
413,405,9.0
405,996,24.0
996,861,15.0
861,870,15.0
870,588,21.0
588,668,20.0
668,002,2.0
002,553,13.0
553,220,4.0
220,549,18.0
549,080,8.0
080,363,12.0
363,544,13.0
544,973,19.0
973,912,12.0
912,618,15.0
618,116,8.0
116,325,10.0
325,922,13.0
922,482,14.0
482,457,16.0
457,122,5.0
122,388,19.0
388,606,12.0
606,537,15.0
537,841,13.0
841,069,15.0
069,795,21.0
795,759,21.0
759,757,19.0
757,693,18.0
693,856,19.0
856,193,13.0
193,648,18.0
648,775,19.0
775,478,19.0
478,128,11.0
128,023,5.0
023,763,16.0
763,492,15.0
492,269,17.0
269,096,15.0
096,608,14.0
608,607,13.0
607,712,10.0
712,103,4.0
103,663,15.0
663,355,13.0
355,302,5.0
302,035,8.0
035,808,16.0
808,875,20.0
875,642,12.0
642,493,16.0
493,026,8.0
026,723,12.0
723,525,12.0
525,001,1.0
001,664,16.0
664,470,11.0
470,757,19.0
757,032,5.0
032,978,24.0
978,287,17.0
287,369,18.0
369,465,15.0
465,865,19.0
865,421,7.0
421,195,15.0
195,982,19.0
982,100,1.0
100,731,11.0
731,263,11.0
263,746,17.0
746,755,17.0
755,997,25.0
997,633,12.0
633,425,11.0
425,967,22.0
967,446,14.0
446,045,9.0
045,030,3.0
030,538,16.0
538,749,20.0
749,180,9.0
180,637,16.0
637,317,11.0
317,224,8.0
224,315,9.0
315,594,18.0
594,166,13.0
166,497,20.0
497,880,16.0
880,882,18.0
882,135,9.0
135,960,15.0
960,750,12.0
750,209,11.0
209,309,12.0
309,254,11.0
254,193,13.0
193,917,17.0
917,488,20.0
488,489,21.0
489,012,3.0
012,589,22.0
589,145,10.0
145,368,17.0
368,781,16.0
781,772,16.0
772,533,11.0
533,993,21.0
993,580,13.0
580,908,17.0
908,920,11.0
920,333,9.0
333,961,16.0
961,045,9.0
045,613,10.0
613,808,16.0
808,724,13.0
724,541,10.0
541,762,15.0
762,783,18.0
783,246,12.0
246,805,13.0
805,934,16.0
934,890,17.0
890,838,19.0
838,619,16.0
619,791,17.0
791,381,12.0
381,385,16.0
385,436,13.0
436,724,13.0
724,220,4.0
220,944,17.0
944,442,10.0
442,443,11.0
443,116,8.0
116,134,8.0
134,933,15.0
933,330,6.0
330,708,15.0
708,180,9.0
180,068,14.0
068,539,17.0
539,469,19.0
469,268,16.0
268,433,10.0
433,261,9.0
261,754,16.0
754,010,1.0
010,350,8.0
350,385,16.0
385,171,9.0
171,947,20.0
947,838,19.0
838,567,18.0
567,872,17.0
872,042,6.0
042,766,19.0
766,624,12.0
624,717,15.0
717,098,17.0
098,961,16.0
961,310,4.0
310,240,6.0
240,455,14.0
455,422,8.0
422,429,15.0
429,531,9.0
531,632,11.0
632,902,11.0
902,436,13.0
436,753,15.0
753,481,13.0
481,567,18.0
567,241,7.0
241,087,15.0
087,265,13.0
265,509,14.0
509,360,9.0
360,342,9.0
342,416,11.0
416,643,13.0
643,355,13.0
355,139,13.0
139,399,21.0
399,599,23.0
599,501,6.0
501,248,14.0
248,080,8.0
080,499,22.0
499,928,19.0
928,525,12.0
525,189,18.0
189,628,16.0
628,365,14.0
365,442,10.0
442,818,17.0
818,214,7.0
214,068,14.0
068,497,20.0
497,560,11.0
560,808,16.0
808,251,8.0
251,770,14.0
770,358,16.0
358,370,10.0
370,684,18.0
684,650,11.0
650,080,8.0
080,716,14.0
716,866,20.0
866,697,22.0
697,868,22.0
868,975,21.0
975,787,22.0
787,301,4.0
301,662,14.0
662,634,13.0
634,056,11.0
056,211,4.0
211,002,2.0
002,452,11.0
452,827,17.0
827,936,18.0
936,176,14.0
176,820,10.0
820,084,12.0
084,242,8.0
242,863,17.0
863,610,7.0
610,345,12.0
345,713,11.0
713,069,15.0
069,999,27.0
999,485,17.0
485,648,18.0
648,618,15.0
618,969,24.0
969,457,16.0
457,911,11.0
911,109,10.0
109,862,16.0
862,779,23.0
779,540,9.0
540,992,20.0
992,439,16.0
439,699,24.0
699,144,9.0
144,341,8.0
341,127,10.0
127,017,8.0
017,750,12.0
750,348,15.0
348,552,12.0
552,263,11.0
263,985,22.0
985,638,17.0
638,415,10.0
415,385,16.0
385,210,3.0
210,868,22.0
868,746,17.0
746,351,9.0
351,464,14.0
464,472,13.0
472,430,7.0
430,931,13.0
931,242,8.0
242,767,20.0
767,209,11.0
209,341,8.0
341,353,11.0
353,918,18.0
918,804,12.0
804,170,8.0
170,145,10.0
145,697,22.0
697,905,14.0
905,262,10.0
262,412,7.0
412,763,16.0
763,227,11.0
227,725,14.0
725,157,13.0
157,922,13.0
922,017,8.0
017,941,14.0
941,454,13.0
454,162,9.0
162,704,11.0
704,635,14.0
635,573,15.0
573,371,11.0
371,510,6.0
510,769,22.0
769,608,14.0
608,582,15.0
582,212,5.0
212,256,13.0
256,682,16.0
682,456,15.0
456,721,10.0
721,541,10.0
541,773,17.0
773,926,17.0
926,439,16.0
439,163,10.0
163,500,5.0
500,494,17.0
494,644,14.0
644,058,13.0
058,789,24.0
789,915,15.0
915,819,18.0
819,265,13.0
265,475,16.0
475,958,22.0
958,559,19.0
559,809,17.0
809,225,9.0
225,016,7.0
016,418,13.0
418,454,13.0
454,038,11.0
038,082,10.0
082,691,16.0
691,467,17.0
467,055,10.0
055,006,6.0
006,791,17.0
791,769,22.0
769,555,15.0
555,220,4.0
220,759,21.0
759,083,11.0
083,727,16.0
727,358,16.0
358,178,16.0
178,827,17.0
827,628,16.0
628,294,15.0
294,574,16.0
574,523,10.0
523,247,13.0
247,920,11.0
920,788,23.0
788,907,16.0
907,158,14.0
158,927,18.0
927,329,14.0
329,666,18.0
666,329,14.0
329,886,22.0
886,714,12.0
714,652,13.0
652,022,4.0
022,429,15.0
429,006,6.0
006,784,19.0
784,849,21.0
849,369,18.0
369,431,8.0
431,315,9.0
315,796,22.0
796,219,12.0
219,342,9.0
342,194,14.0
194,368,17.0
368,337,13.0
337,721,10.0
721,868,22.0
868,491,14.0
491,100,1.0
100,648,18.0
648,785,20.0
785,246,12.0
246,206,8.0
206,746,17.0
746,287,17.0
287,087,15.0
087,172,10.0
172,428,14.0
428,782,17.0
782,334,10.0
334,753,15.0
753,108,9.0
108,544,13.0
544,809,17.0
809,420,6.0
420,725,14.0
725,806,14.0
806,160,7.0
160,843,15.0
843,528,15.0
528,960,15.0
960,062,8.0
062,030,3.0
030,940,13.0
940,742,13.0
742,518,14.0
518,278,17.0
278,057,12.0
057,281,11.0
281,316,10.0
316,730,10.0
730,458,17.0
458,954,18.0
954,816,15.0
816,224,8.0
224,456,15.0
456,133,7.0
133,208,10.0
208,286,16.0
286,958,22.0
958,784,19.0
784,404,8.0
404,063,9.0
063,350,8.0
350,219,12.0
219,200,2.0
200,106,7.0
106,265,13.0
265,937,19.0
937,013,4.0
013,679,22.0
679,347,14.0
347,677,20.0
677,591,15.0
591,546,15.0
546,388,19.0
388,777,21.0
777,782,17.0
782,215,8.0
215,164,11.0
164,358,16.0
358,141,6.0
141,813,12.0
813,777,21.0
777,809,17.0
809,277,16.0
277,879,24.0
879,587,20.0
587,635,14.0
635,573,15.0
573,176,14.0
176,982,19.0
982,285,15.0
285,242,8.0
242,571,13.0
571,640,10.0
640,937,19.0
937,726,15.0
726,142,7.0
142,228,12.0
228,510,6.0
510,869,23.0
869,804,12.0
804,537,15.0
537,085,13.0
085,295,16.0
295,245,11.0
245,194,14.0
194,638,17.0
638,097,16.0
097,469,19.0
469,033,6.0
033,020,2.0
020,703,10.0
703,146,11.0
146,794,20.0
794,917,17.0
917,302,5.0
302,040,4.0
040,693,18.0
693,921,12.0
921,568,19.0
568,296,17.0
296,447,15.0
447,805,13.0
805,743,14.0
743,726,15.0
726,378,18.0
378,594,18.0
594,094,13.0
094,506,11.0
506,006,6.0
006,809,17.0
809,298,19.0
298,280,10.0
280,578,20.0
578,608,14.0
608,345,12.0
345,605,11.0
605,050,5.0
050,670,13.0
670,111,3.0
111,855,18.0
855,573,15.0
573,586,19.0
586,970,16.0
970,371,11.0
371,017,8.0
017,377,17.0
377,498,21.0
498,442,10.0
442,642,12.0
642,513,9.0
513,340,7.0
340,449,17.0
449,621,9.0
621,965,20.0
965,084,12.0
084,216,9.0
216,975,21.0
975,374,14.0
374,713,11.0
713,798,24.0
798,090,9.0
090,074,11.0
074,291,12.0
291,129,12.0
129,770,14.0
770,771,15.0
771,916,16.0
916,071,8.0
071,501,6.0
501,016,7.0
016,140,5.0
140,303,6.0
303,144,9.0
144,551,11.0
551,199,19.0
199,407,11.0
407,127,10.0
127,016,7.0
016,665,17.0
665,686,20.0
686,794,20.0
794,815,14.0
815,320,5.0
320,660,12.0
660,897,24.0
897,270,9.0
270,419,14.0
419,036,9.0
036,743,14.0
743,199,19.0
199,178,16.0
178,413,8.0
413,240,6.0
240,794,20.0
794,823,13.0
823,162,9.0
162,557,17.0
557,021,3.0
021,775,19.0
775,914,14.0
914,945,18.0
945,945,18.0
945,665,17.0
665,340,7.0
340,267,15.0
267,692,17.0
692,463,13.0
463,075,12.0
075,535,13.0
535,043,7.0
043,457,16.0
457,280,10.0
280,803,11.0
803,612,9.0
612,402,6.0
402,901,10.0
901,171,9.0
171,175,13.0
175,671,14.0
671,007,7.0
007,354,12.0
354,575,17.0
575,379,19.0
379,613,10.0
613,248,14.0
248,764,17.0
764,519,15.0
519,259,16.0
259,434,11.0
434,068,14.0
068,252,9.0
252,744,15.0
744,130,4.0
130,478,19.0
478,672,15.0
672,748,19.0
748,715,13.0
715,642,12.0
642,688,22.0
688,878,23.0
878,666,18.0
666,720,9.0
720,097,16.0
097,249,15.0
249,828,18.0
828,801,9.0
801,248,14.0
248,468,18.0
468,838,19.0
838,132,6.0
132,535,13.0
535,485,17.0
485,041,5.0
041,700,7.0
700,493,16.0
493,486,18.0
486,312,6.0
312,787,22.0
787,948,21.0
948,650,11.0
650,277,16.0
277,623,11.0
623,168,15.0
168,432,9.0
432,935,17.0
935,674,17.0
674,247,13.0
247,019,10.0
019,701,8.0
701,427,13.0
427,837,18.0
837,350,8.0
350,266,14.0
266,379,19.0
379,526,13.0
526,760,13.0
760,176,14.0
176,289,19.0
289,001,1.0
001,345,12.0
345,756,18.0
756,062,8.0
062,147,12.0
147,119,11.0
119,059,14.0
059,861,15.0
861,898,25.0
898,528,15.0
528,503,8.0
503,057,12.0
057,022,4.0
022,820,10.0
820,450,9.0
450,310,4.0
310,161,8.0
161,056,11.0
056,332,8.0
332,852,15.0
852,836,17.0
836,286,16.0
286,207,9.0
207,000,0.0
000,882,18.0
882,304,7.0
304,641,11.0
641,637,16.0
637,268,16.0
268,106,7.0
106,135,9.0
135,667,19.0
667,337,13.0
337,776,20.0
776,232,7.0
232,190,10.0
190,810,9.0
810,156,12.0
156,873,18.0
873,954,18.0
954,076,13.0
076,634,13.0
634,879,24.0
879,086,14.0
086,591,15.0
591,761,14.0
761,020,2.0
020,929,20.0
929,082,10.0
082,077,14.0
077,827,17.0
827,019,10.0
019,743,14.0
743,235,10.0
235,768,21.0
768,056,11.0
056,855,18.0
855,941,14.0
941,105,6.0
105,749,20.0
749,643,13.0
643,938,20.0
938,409,13.0
409,414,9.0
414,263,11.0
263,185,14.0
185,763,16.0
763,027,9.0
027,841,13.0
841,232,7.0
232,342,9.0
342,190,10.0
190,465,15.0
465,081,9.0
081,872,17.0
872,257,14.0
257,732,12.0
732,217,10.0
217,242,8.0
242,893,20.0
893,760,13.0
760,338,14.0
338,848,20.0
848,144,9.0
144,228,12.0
228,913,13.0
913,954,18.0
954,149,14.0
149,470,11.0
470,671,14.0
671,383,14.0
383,972,18.0
972,559,19.0
559,476,17.0
476,719,17.0
719,975,21.0
975,568,19.0
568,843,15.0
843,114,6.0
114,176,14.0
176,349,16.0
349,407,11.0
407,010,1.0
010,932,14.0
932,822,12.0
822,949,22.0
949,174,12.0
174,101,2.0
101,125,8.0
125,305,8.0
305,213,6.0
213,943,16.0
943,706,13.0
706,784,19.0
784,513,9.0
513,397,19.0
397,290,11.0
290,181,10.0
181,023,5.0
023,317,11.0
317,759,21.0
759,131,5.0
131,113,5.0
113,494,17.0
494,065,11.0
065,465,15.0
465,314,8.0
314,423,9.0
423,516,12.0
516,093,12.0
093,796,22.0
796,988,25.0
988,821,11.0
821,357,15.0
357,214,7.0
214,538,16.0
538,072,9.0
072,882,18.0
882,041,5.0
041,474,15.0
474,903,12.0
903,927,18.0
927,075,12.0
075,974,20.0
974,393,15.0
393,514,10.0
514,394,16.0
394,910,10.0
910,740,11.0
740,353,11.0
353,677,20.0
677,858,21.0
858,773,17.0
773,528,15.0
528,217,10.0
217,714,12.0
714,924,15.0
924,260,8.0
260,829,19.0
829,483,15.0
483,111,3.0
111,827,17.0
827,196,16.0
196,969,24.0
969,426,12.0
426,115,7.0
115,875,20.0
875,109,10.0
109,397,19.0
397,281,11.0
281,560,11.0
560,927,18.0
927,496,19.0
496,610,7.0
610,938,20.0
938,591,15.0
591,670,13.0
670,837,18.0
837,712,10.0
712,566,17.0
566,454,13.0
454,308,11.0
308,374,14.0
374,645,15.0
645,052,7.0
052,721,10.0
721,578,20.0
578,016,7.0
016,603,9.0
603,691,16.0
691,292,13.0
292,876,21.0
876,587,20.0
587,654,15.0
654,159,15.0
159,638,17.0
638,634,13.0
634,752,14.0
752,918,18.0
918,877,22.0
877,519,15.0
519,336,12.0
336,897,24.0
897,915,15.0
915,607,13.0
607,844,16.0
844,402,6.0
402,554,14.0
554,950,14.0
950,879,24.0
879,942,15.0
942,003,3.0
003,827,17.0
827,081,9.0
081,692,17.0
692,633,12.0
633,607,13.0
607,480,12.0
480,073,10.0
073,581,14.0
581,789,24.0
789,663,15.0
663,817,16.0
817,789,24.0
789,965,20.0
965,818,17.0
818,030,3.0
030,551,11.0
551,583,16.0
583,640,10.0
640,552,12.0
552,610,7.0
610,849,21.0
849,669,21.0
669,744,15.0
744,880,16.0
880,310,4.0
310,729,18.0
729,591,15.0
591,672,15.0
672,960,15.0
960,779,23.0
779,374,14.0
374,879,24.0
879,004,4.0
004,344,11.0
344,490,13.0
490,056,11.0
056,349,16.0
349,911,11.0
911,654,15.0
654,161,8.0
161,850,13.0
850,459,18.0
459,956,20.0
956,684,18.0
684,367,16.0
367,940,13.0
940,608,14.0
608,615,12.0
615,593,17.0
593,095,14.0
095,566,17.0
566,335,11.0
335,759,21.0
759,430,7.0
430,480,12.0
480,937,19.0
937,894,21.0
894,869,23.0
869,345,12.0
345,292,13.0
292,790,16.0
790,398,20.0
398,423,9.0
423,666,18.0
666,549,18.0
549,839,20.0
839,860,14.0
860,906,15.0
906,008,8.0
008,707,14.0
707,399,21.0
399,587,20.0
587,319,13.0
319,550,10.0
550,412,7.0
412,804,12.0
804,751,13.0
751,454,13.0
454,423,9.0
423,695,20.0
695,156,12.0
156,773,17.0
773,299,20.0
299,173,11.0
173,963,18.0
963,844,16.0
844,323,8.0
323,063,9.0
063,073,10.0
073,807,15.0
807,438,15.0
438,127,10.0
127,772,16.0
772,597,21.0
597,738,18.0
738,244,10.0
244,457,16.0
457,438,15.0
438,176,14.0
176,740,11.0
740,761,14.0
761,856,19.0
856,317,11.0
317,822,12.0
822,061,7.0
061,685,19.0
685,648,18.0
648,318,12.0
318,239,14.0
239,567,18.0
567,642,12.0
642,681,15.0
681,304,7.0
304,154,10.0
154,013,4.0
013,367,16.0
367,284,14.0
284,083,11.0
083,062,8.0
062,830,11.0
830,230,5.0
230,188,17.0
188,823,13.0
823,612,9.0
612,298,19.0
298,889,25.0
889,468,18.0
468,279,18.0
279,214,7.0
214,348,15.0
348,669,21.0
669,640,10.0
640,534,12.0
534,281,11.0
281,911,11.0
911,510,6.0
510,017,8.0
017,845,17.0
845,623,11.0
623,696,21.0
696,288,18.0
288,500,5.0
500,035,8.0
035,362,11.0
362,247,13.0
247,059,14.0
059,551,11.0
551,586,19.0
586,965,20.0
965,713,11.0
713,919,19.0
919,200,2.0
200,446,14.0
446,475,16.0
475,565,16.0
565,817,16.0
817,209,11.0
209,354,12.0
354,147,12.0
147,838,19.0
838,995,23.0
995,048,12.0
048,627,15.0
627,037,10.0
037,139,13.0
139,508,13.0
508,841,13.0
841,188,17.0
188,351,9.0
351,389,20.0
389,572,14.0
572,453,12.0
453,719,17.0
719,063,9.0
063,831,12.0
831,566,17.0
566,714,12.0
714,110,2.0
110,097,16.0
097,221,5.0
221,218,11.0
218,938,20.0
938,731,11.0
731,412,7.0
412,890,17.0
890,302,5.0
302,570,12.0
570,722,11.0
722,986,23.0
986,419,14.0
419,832,13.0
832,373,13.0
373,269,17.0
269,056,11.0
056,974,20.0
974,539,17.0
539,736,16.0
736,644,14.0
644,223,7.0
223,992,20.0
992,431,8.0
431,181,10.0
181,301,4.0
301,146,11.0
146,663,15.0
663,505,10.0
505,192,12.0
192,048,12.0
048,359,17.0
359,705,12.0
705,477,18.0
477,645,15.0
645,603,9.0
603,832,13.0
832,207,9.0
207,985,22.0
985,580,13.0
580,691,16.0
691,515,11.0
515,730,10.0
730,197,17.0
197,485,17.0
485,585,18.0
585,436,13.0
436,937,19.0
937,474,15.0
474,402,6.0
402,792,18.0
792,290,11.0
290,069,15.0
069,085,13.0
085,851,14.0
851,003,3.0
003,046,10.0
046,809,17.0
809,821,11.0
821,161,8.0
161,852,15.0
852,076,13.0
076,877,22.0
877,376,16.0
376,456,15.0
456,530,8.0
530,892,19.0
892,558,18.0
558,576,18.0
576,988,25.0
988,999,27.0
999,328,13.0
328,303,6.0
303,821,11.0
821,047,11.0
047,351,9.0
351,085,13.0
085,718,16.0
718,016,7.0
016,665,17.0
665,055,10.0
055,661,13.0
661,994,22.0
994,443,11.0
443,207,9.0
207,774,18.0
774,359,17.0
359,208,10.0
208,658,19.0
658,652,13.0
652,567,18.0
567,698,23.0
698,645,15.0
645,389,20.0
389,416,11.0
416,508,13.0
508,834,15.0
834,939,21.0
939,393,15.0
393,989,26.0
989,375,15.0
375,737,17.0
737,268,16.0
268,140,5.0
140,968,23.0
968,440,8.0
440,897,24.0
897,540,9.0
540,147,12.0
147,236,11.0
236,514,10.0
514,767,20.0
767,444,12.0
444,194,14.0
194,529,16.0
529,785,20.0
785,918,18.0
918,506,11.0
506,298,19.0
298,384,15.0
384,141,6.0
141,429,15.0
429,344,11.0
344,358,16.0
358,135,9.0
135,328,13.0
328,514,10.0
514,334,10.0
334,740,11.0
740,304,7.0
304,869,23.0
869,434,11.0
434,626,14.0
626,157,13.0
157,403,7.0
403,397,19.0
397,047,11.0
047,196,16.0
196,916,16.0
916,037,10.0
037,499,22.0
499,951,15.0
951,438,15.0
438,754,16.0
754,671,14.0
671,927,18.0
927,159,15.0
159,475,16.0
475,363,12.0
363,820,10.0
820,801,9.0
801,813,12.0
813,632,11.0
632,055,10.0
055,364,13.0
364,400,4.0
400,014,5.0
014,807,15.0
807,982,19.0
982,393,15.0
393,119,11.0
119,541,10.0
541,368,17.0
368,699,24.0
699,342,9.0
342,452,11.0
452,071,8.0
071,915,15.0
915,687,21.0
687,187,16.0
187,736,16.0
736,398,20.0
398,433,10.0
433,368,17.0
368,007,7.0
007,052,7.0
052,440,8.0
440,213,6.0
213,502,7.0
502,811,10.0
811,991,19.0
991,106,7.0
106,355,13.0
355,535,13.0
535,053,8.0
053,003,3.0
003,096,15.0
096,000,0.0
000,493,16.0
493,548,17.0
548,518,14.0
518,178,16.0
178,633,12.0
633,518,14.0
518,967,22.0
967,867,21.0
867,172,10.0
172,843,15.0
843,764,17.0
764,679,22.0
679,525,12.0
525,971,17.0
971,424,10.0
424,294,15.0
294,794,20.0
794,104,5.0
104,107,8.0
107,749,20.0
749,320,5.0
320,808,16.0
808,835,16.0
835,905,14.0
905,819,18.0
819,997,25.0
997,144,9.0
144,045,9.0
045,836,17.0
836,794,20.0
794,209,11.0
209,547,16.0
547,549,18.0
549,315,9.0
315,579,21.0
579,766,19.0
766,234,9.0
234,896,23.0
896,786,21.0
786,560,11.0
560,891,18.0
891,020,2.0
020,922,13.0
922,409,13.0
409,815,14.0
815,816,15.0
816,186,15.0
186,980,17.0
980,768,21.0
768,210,3.0
210,309,12.0
309,489,21.0
489,268,16.0
268,700,7.0
700,032,5.0
032,223,7.0
223,002,2.0
002,528,15.0
528,201,3.0
201,190,10.0
190,055,10.0
055,182,11.0
182,928,19.0
928,337,13.0
337,050,5.0
050,404,8.0
404,369,18.0
369,914,14.0
914,795,21.0
795,896,23.0
896,931,13.0
931,750,12.0
750,000,0.0
000,647,17.0
647,725,14.0
725,107,8.0
107,431,8.0
431,538,16.0
538,223,7.0
223,699,24.0
699,622,10.0
622,837,18.0
837,076,13.0
076,766,19.0
766,132,6.0
132,395,17.0
395,913,13.0
913,604,10.0
604,661,13.0
661,167,14.0
167,837,18.0
837,032,5.0
032,525,12.0
525,934,16.0
934,636,15.0
636,529,16.0
529,213,6.0
213,751,13.0
751,884,20.0
884,962,17.0
962,166,13.0
166,015,6.0
015,864,18.0
864,728,17.0
728,640,10.0
640,280,10.0
280,458,17.0
458,914,14.0
914,833,14.0
833,647,17.0
647,683,17.0
683,681,15.0
681,799,25.0
799,563,14.0
563,156,12.0
156,458,17.0
458,465,15.0
465,164,11.0
164,979,25.0
979,964,19.0
964,161,8.0
161,409,13.0
409,840,12.0
840,103,4.0
103,524,11.0
524,950,14.0
950,340,7.0
340,409,13.0
409,413,8.0
413,374,14.0
374,152,8.0
152,697,22.0
697,589,22.0
589,085,13.0
085,865,19.0
865,001,1.0
001,667,19.0
667,049,13.0
049,615,12.0
615,448,16.0
448,674,17.0
674,470,11.0
470,553,13.0
553,597,21.0
597,419,14.0
419,959,23.0
959,371,11.0
371,923,14.0
923,680,14.0
680,242,8.0
242,128,11.0
128,307,10.0
307,057,12.0
057,151,7.0
151,132,6.0
132,273,12.0
273,747,18.0
747,752,14.0
752,386,17.0
386,788,23.0
788,985,22.0
985,717,15.0
717,869,23.0
869,067,13.0
067,590,14.0
590,724,13.0
724,625,13.0
625,083,11.0
083,925,16.0
925,831,12.0
831,028,10.0
028,064,10.0
064,971,17.0
971,640,10.0
640,938,20.0
938,180,9.0
180,303,6.0
303,179,17.0
179,364,13.0
364,427,13.0
427,226,10.0
226,416,11.0
416,721,10.0
721,082,10.0
082,228,12.0
228,817,16.0
817,466,16.0
466,931,13.0
931,385,16.0
385,560,11.0
560,610,7.0
610,422,8.0
422,781,16.0
781,545,14.0
545,197,17.0
197,904,13.0
904,487,19.0
487,408,12.0
408,442,10.0
442,032,5.0
032,560,11.0
560,327,12.0
327,274,13.0
274,102,3.0
102,154,10.0
154,469,19.0
469,464,14.0
464,918,18.0
918,199,19.0
199,624,12.0
624,653,14.0
653,492,15.0
492,300,3.0
300,000,0.0
000,945,18.0
945,934,16.0
934,626,14.0
626,154,10.0
154,040,4.0
040,836,17.0
836,382,13.0
382,979,25.0
979,144,9.0
144,148,13.0
148,418,13.0
418,160,7.0
160,159,15.0
159,042,6.0
042,322,7.0
322,409,13.0
409,407,11.0
407,081,9.0
081,979,25.0
979,669,21.0
669,659,20.0
659,026,8.0
026,357,15.0
357,022,4.0
022,014,5.0
014,475,16.0
475,457,16.0
457,706,13.0
706,400,4.0
400,816,15.0
816,268,16.0
268,303,6.0
303,612,9.0
612,437,14.0
437,249,15.0
249,662,14.0
662,857,20.0
857,738,18.0
738,898,25.0
898,544,13.0
544,933,15.0
933,543,12.0
543,570,12.0
570,793,19.0
793,802,10.0
802,172,10.0
172,830,11.0
830,828,18.0
828,132,6.0
132,156,12.0
156,690,15.0
690,363,12.0
363,428,14.0
428,403,7.0
403,308,11.0
308,230,5.0
230,179,17.0
179,930,12.0
930,149,14.0
149,320,5.0
320,266,14.0
266,125,8.0
125,898,25.0
898,372,12.0
372,312,6.0
312,149,14.0
149,320,5.0
320,570,12.0
570,807,15.0
807,505,10.0
505,183,12.0
183,136,10.0
136,984,21.0
984,562,13.0
562,674,17.0
674,825,15.0
825,088,16.0
088,960,15.0
960,016,7.0
016,112,4.0
112,254,11.0
254,999,27.0
999,745,16.0
745,573,15.0
573,793,19.0
793,950,14.0
950,954,18.0
954,448,16.0
448,616,13.0
616,369,18.0
369,153,9.0
153,380,11.0
380,765,18.0
765,030,3.0
030,149,14.0
149,302,5.0
302,020,2.0
020,517,13.0
517,094,13.0
094,353,11.0
353,790,16.0
790,346,13.0
346,495,18.0
495,831,12.0
831,129,12.0
129,239,14.0
239,377,17.0
377,798,24.0
798,558,18.0
558,889,25.0
889,522,9.0
522,992,20.0
992,279,18.0
279,793,19.0
793,476,17.0
476,675,18.0
675,852,15.0
852,606,12.0
606,667,19.0
667,105,6.0
105,450,9.0
450,856,19.0
856,399,21.0
399,785,20.0
785,747,18.0
747,119,11.0
119,284,14.0
284,913,13.0
913,535,13.0
535,124,7.0
124,732,12.0
732,545,14.0
545,423,9.0
423,558,18.0
558,674,17.0
674,112,4.0
112,331,7.0
331,349,16.0
349,494,17.0
494,924,15.0
924,051,6.0
051,125,8.0
125,214,7.0
214,430,7.0
430,816,15.0
816,343,10.0
343,196,16.0
196,784,19.0
784,013,4.0
013,960,15.0
960,334,10.0
334,627,15.0
627,749,20.0
749,507,12.0
507,511,7.0
511,338,14.0
338,700,7.0
700,110,2.0
110,364,13.0
364,908,17.0
908,664,16.0
664,545,14.0
545,947,20.0
947,519,15.0
519,666,18.0
666,605,11.0
605,321,6.0
321,732,12.0
732,661,13.0
661,736,16.0
736,861,15.0
861,573,15.0
573,356,14.0
356,188,17.0
188,301,4.0
301,473,14.0
473,417,12.0
417,631,10.0
631,728,17.0
728,891,18.0
891,498,21.0
498,615,12.0
615,814,13.0
814,669,21.0
669,866,20.0
866,817,16.0
817,052,7.0
052,466,16.0
466,453,12.0
453,781,16.0
781,825,15.0
825,493,16.0
493,838,19.0
838,547,16.0
547,432,9.0
432,696,21.0
696,217,10.0
217,062,8.0
062,235,10.0
235,268,16.0
268,649,19.0
649,173,11.0
173,373,13.0
373,952,16.0
952,692,17.0
692,981,18.0
981,573,15.0
573,882,18.0
882,941,14.0
941,706,13.0
706,360,9.0
360,119,11.0
119,393,15.0
393,884,20.0
884,062,8.0
062,095,14.0
095,492,15.0
492,117,9.0
117,398,20.0
398,675,18.0
675,323,8.0
323,193,13.0
193,047,11.0
047,552,12.0
552,358,16.0
358,302,5.0
302,855,18.0
855,739,19.0
739,482,14.0
482,021,3.0
021,584,17.0
584,141,6.0
141,420,6.0
420,585,18.0
585,592,16.0
592,830,11.0
830,687,21.0
687,801,9.0
801,611,8.0
611,263,11.0
263,862,16.0
862,590,14.0
590,037,10.0
037,492,15.0
492,644,14.0
644,513,9.0
513,138,12.0
138,319,13.0
319,755,17.0
755,476,17.0
476,607,13.0
607,746,17.0
746,828,18.0
828,511,7.0
511,153,9.0
153,033,6.0
033,384,15.0
384,274,13.0
274,284,14.0
284,818,17.0
818,289,19.0
289,942,15.0
942,024,6.0
024,030,3.0
030,537,15.0
537,154,10.0
154,818,17.0
818,014,5.0
014,603,9.0
603,488,20.0
488,505,10.0
505,774,18.0
774,451,10.0
451,208,10.0
208,662,14.0
662,998,26.0
998,480,12.0
480,518,14.0
518,417,12.0
417,701,8.0
701,269,17.0
269,989,26.0
989,848,20.0
848,811,10.0
811,942,15.0
942,212,5.0
212,734,14.0
734,503,8.0
503,772,16.0
772,669,21.0
669,404,8.0
404,539,17.0
539,085,13.0
085,581,14.0
581,073,10.0
073,179,17.0
179,094,13.0
094,407,11.0
407,443,11.0
443,225,9.0
225,012,3.0
012,636,15.0
636,602,8.0
602,859,22.0
859,481,13.0
481,775,19.0
775,321,6.0
321,948,21.0
948,885,21.0
885,505,10.0
505,009,9.0
009,806,14.0
806,336,12.0
336,951,15.0
951,119,11.0
119,391,13.0
391,759,21.0
759,470,11.0
470,731,11.0
731,655,16.0
655,291,12.0
291,190,10.0
190,400,4.0
400,257,14.0
257,762,15.0
762,152,8.0
152,218,11.0
218,724,13.0
724,342,9.0
342,468,18.0
468,952,16.0
952,746,17.0
746,066,12.0
066,425,11.0
425,045,9.0
045,518,14.0
518,790,16.0
790,904,13.0
904,831,12.0
831,735,15.0
735,225,9.0
225,400,4.0
400,209,11.0
209,144,9.0
144,717,15.0
717,810,9.0
810,324,9.0
324,579,21.0
579,296,17.0
296,630,9.0
630,602,8.0
602,653,14.0
653,529,16.0
529,642,12.0
642,177,15.0
177,130,4.0
130,671,14.0
671,245,11.0
245,418,13.0
418,488,20.0
488,304,7.0
304,006,6.0
006,755,17.0
755,845,17.0
845,074,11.0
074,415,10.0
415,368,17.0
368,958,22.0
958,779,23.0
779,071,8.0
071,589,22.0
589,258,15.0
258,905,14.0
905,574,16.0
574,687,21.0
687,811,10.0
811,180,9.0
180,942,15.0
942,827,17.0
827,379,19.0
379,710,8.0
710,666,18.0
666,623,11.0
623,399,21.0
399,071,8.0
071,745,16.0
745,977,23.0
977,914,14.0
914,394,16.0
394,163,10.0
163,683,17.0
683,691,16.0
691,016,7.0
016,889,25.0
889,500,5.0
500,617,14.0
617,326,11.0
326,775,19.0
775,144,9.0
144,987,24.0
987,029,11.0
029,295,16.0
295,668,20.0
668,403,7.0
403,656,17.0
656,204,6.0
204,078,15.0
078,899,26.0
899,892,19.0
892,951,15.0
951,363,12.0
363,418,13.0
418,304,7.0
304,208,10.0
208,400,4.0
400,522,9.0
522,321,6.0
321,393,15.0
393,359,17.0
359,212,5.0
212,712,10.0
712,195,15.0
195,570,12.0
570,485,17.0
485,409,13.0
409,414,9.0
414,928,19.0
928,551,11.0
551,975,21.0
975,747,18.0
747,575,17.0
575,748,19.0
748,790,16.0
790,344,11.0
344,392,14.0
392,296,17.0
296,581,14.0
581,305,8.0
305,577,19.0
577,481,13.0
481,652,13.0
652,529,16.0
529,956,20.0
956,441,9.0
441,916,16.0
916,814,13.0
814,550,10.0
550,035,8.0
035,193,13.0
193,735,15.0
735,504,9.0
504,558,18.0
558,459,18.0
459,255,12.0
255,736,16.0
736,313,7.0
313,733,13.0
733,484,16.0
484,019,10.0
019,015,6.0
015,623,11.0
623,827,17.0
827,283,13.0
283,503,8.0
503,939,21.0
939,509,14.0
509,802,10.0
802,415,10.0
415,644,14.0
644,569,20.0
569,760,13.0
760,676,19.0
676,948,21.0
948,539,17.0
539,695,20.0
695,047,11.0
047,790,16.0
790,638,17.0
638,447,15.0
447,900,9.0
900,460,10.0
460,977,23.0
977,182,11.0
182,173,11.0
173,365,14.0
365,140,5.0
140,455,14.0
455,863,17.0
863,960,15.0
960,683,17.0
683,189,18.0
189,039,12.0
039,147,12.0
147,019,10.0
019,959,23.0
959,641,11.0
641,904,13.0
904,164,11.0
164,503,8.0
503,300,3.0
300,851,14.0
851,064,10.0
064,783,18.0
783,300,3.0
300,689,23.0
689,242,8.0
242,958,22.0
958,807,15.0
807,175,13.0
175,640,10.0
640,417,12.0
417,041,5.0
041,517,13.0
517,677,20.0
677,237,12.0
237,865,19.0
865,846,18.0
846,736,16.0
736,363,12.0
363,308,11.0
308,519,15.0
519,219,12.0
219,152,8.0
152,452,11.0
452,566,17.0
566,671,14.0
671,918,18.0
918,244,10.0
244,316,10.0
316,791,17.0
791,921,12.0
921,342,9.0
342,160,7.0
160,131,5.0
131,043,7.0
043,981,18.0
981,050,5.0
050,146,11.0
146,793,19.0
793,992,20.0
992,935,17.0
935,576,18.0
576,426,12.0
426,849,21.0
849,857,20.0
857,492,15.0
492,083,11.0
083,537,15.0
537,440,8.0
440,691,16.0
691,973,19.0
973,143,8.0
143,520,7.0
520,541,10.0
541,457,16.0
457,473,14.0
473,241,7.0
241,110,2.0
110,158,14.0
158,184,13.0
184,266,14.0
266,501,6.0
501,023,5.0
023,310,4.0
310,068,14.0
068,474,15.0
474,411,6.0
411,448,16.0
448,998,26.0
998,523,10.0
523,410,5.0
410,568,19.0
568,076,13.0
076,435,12.0
435,433,10.0
433,321,6.0
321,072,9.0
072,874,19.0
874,165,12.0
165,683,17.0
683,251,8.0
251,315,9.0
315,666,18.0
666,994,22.0
994,727,16.0
727,645,15.0
645,279,18.0
279,772,16.0
772,559,19.0
559,850,13.0
850,685,19.0
685,340,7.0
340,039,12.0
039,748,19.0
748,718,16.0
718,479,20.0
479,253,10.0
253,790,16.0
790,440,8.0
440,795,21.0
795,334,10.0
334,663,15.0
663,666,18.0
666,126,9.0
126,683,17.0
683,330,6.0
330,085,13.0
085,450,9.0
450,138,12.0
138,377,17.0
377,557,17.0
557,601,7.0
601,820,10.0
820,539,17.0
539,842,14.0
842,982,19.0
982,673,16.0
673,241,7.0
241,001,1.0
001,870,15.0
870,328,13.0
328,995,23.0
995,510,6.0
510,751,13.0
751,211,4.0
211,589,22.0
589,453,12.0
453,404,8.0
404,363,12.0
363,410,5.0
410,215,8.0
215,596,20.0
596,608,14.0
608,553,13.0
553,949,22.0
949,708,15.0
708,207,9.0
207,692,17.0
692,577,19.0
577,867,21.0
867,361,10.0
361,083,11.0
083,357,15.0
357,900,9.0
900,050,5.0
050,114,6.0
114,407,11.0
407,690,15.0
690,519,15.0
519,095,14.0
095,426,12.0
426,127,10.0
127,132,6.0
132,368,17.0
368,348,15.0
348,075,12.0
075,803,11.0
803,072,9.0
072,275,14.0
275,892,19.0
892,134,8.0
134,031,4.0
031,960,15.0
960,014,5.0
014,377,17.0
377,209,11.0
209,848,20.0
848,286,16.0
286,654,15.0
654,195,15.0
195,364,13.0
364,384,15.0
384,626,14.0
626,582,15.0
582,435,12.0
435,688,22.0
688,363,12.0
363,462,12.0
462,128,11.0
128,351,9.0
351,141,6.0
141,171,9.0
171,292,13.0
292,015,6.0
015,714,12.0
714,999,27.0
999,036,9.0
036,880,16.0
880,858,21.0
858,931,13.0
931,133,7.0
133,711,9.0
711,812,11.0
812,084,12.0
084,940,13.0
940,217,10.0
217,166,13.0
166,454,13.0
454,355,13.0
355,332,8.0
332,052,7.0
052,442,10.0
442,913,13.0
913,086,14.0
086,440,8.0
440,594,18.0
594,724,13.0
724,860,14.0
860,008,8.0
008,086,14.0
086,478,19.0
478,883,19.0
883,923,14.0
923,455,14.0
455,040,4.0
040,708,15.0
708,661,13.0
661,596,20.0
596,203,5.0
203,823,13.0
823,149,14.0
149,237,12.0
237,304,7.0
304,605,11.0
605,175,13.0
175,101,2.0
101,467,17.0
467,910,10.0
910,960,15.0
960,160,7.0
160,756,18.0
756,294,15.0
294,737,17.0
737,761,14.0
761,967,22.0
967,976,22.0
976,802,10.0
802,403,7.0
403,321,6.0
321,715,13.0
715,401,5.0
401,274,13.0
274,306,9.0
306,731,11.0
731,419,14.0
419,130,4.0
130,929,20.0
929,396,18.0
396,490,13.0
490,305,8.0
305,277,16.0
277,542,11.0
542,936,18.0
936,817,16.0
817,708,15.0
708,309,12.0
309,985,22.0
985,052,7.0
052,128,11.0
128,666,18.0
666,777,21.0
777,576,18.0
576,835,16.0
835,306,9.0
306,771,15.0
771,225,9.0
225,153,9.0
153,566,17.0
566,138,12.0
138,469,19.0
469,021,3.0
021,846,18.0
846,069,15.0
069,116,8.0
116,710,8.0
710,594,18.0
594,463,13.0
463,446,14.0
446,715,13.0
715,697,22.0
697,891,18.0
891,848,20.0
848,314,8.0
314,667,19.0
667,930,12.0
930,409,13.0
409,964,19.0
964,403,7.0
403,028,10.0
028,460,10.0
460,497,20.0
497,141,6.0
141,686,20.0
686,515,11.0
515,900,9.0
900,051,6.0
051,661,13.0
661,497,20.0
497,884,20.0
884,878,23.0
878,481,13.0
481,800,8.0
800,400,4.0
400,848,20.0
848,098,17.0
098,634,13.0
634,624,12.0
624,349,16.0
349,179,17.0
179,746,17.0
746,713,11.0
713,877,22.0
877,614,11.0
614,229,13.0
229,110,2.0
110,160,7.0
160,842,14.0
842,429,15.0
429,681,15.0
681,468,18.0
468,726,15.0
726,536,14.0
536,540,9.0
540,173,11.0
173,969,24.0
969,014,5.0
014,038,11.0
038,272,11.0
272,139,13.0
139,924,15.0
924,381,12.0
381,895,22.0
895,864,18.0
864,467,17.0
467,998,26.0
998,437,14.0
437,493,16.0
493,539,17.0
539,248,14.0
248,218,11.0
218,827,17.0
827,540,9.0
540,208,10.0
208,176,14.0
176,905,14.0
905,900,9.0
900,009,9.0
009,097,16.0
097,874,19.0
874,212,5.0
212,139,13.0
139,162,9.0
162,583,16.0
583,024,6.0
024,922,13.0
922,369,18.0
369,793,19.0
793,851,14.0
851,272,11.0
272,198,18.0
198,705,12.0
705,789,24.0
789,313,7.0
313,809,17.0
809,288,18.0
288,699,24.0
699,868,22.0
868,598,22.0
598,550,10.0
550,806,14.0
806,332,8.0
332,540,9.0
540,456,15.0
456,650,11.0
650,895,22.0
895,138,12.0
138,713,11.0
713,753,15.0
753,531,9.0
531,914,14.0
914,833,14.0
833,455,14.0
455,428,14.0
428,227,11.0
227,823,13.0
823,028,10.0
028,185,14.0
185,335,11.0
335,516,12.0
516,478,19.0
478,220,4.0
220,214,7.0
214,271,10.0
271,762,15.0
762,041,5.0
041,714,12.0
714,149,14.0
149,059,14.0
059,783,18.0
783,925,16.0
925,262,10.0
262,209,11.0
209,290,11.0
290,528,15.0
528,396,18.0
396,940,13.0
940,927,18.0
927,316,10.0
316,952,16.0
952,336,12.0
336,393,15.0
393,617,14.0
617,203,5.0
203,542,11.0
542,158,14.0
158,348,15.0
348,894,21.0
894,285,15.0
285,751,13.0
751,041,5.0
041,425,11.0
425,163,10.0
163,557,17.0
557,506,11.0
506,434,11.0
434,692,17.0
692,900,9.0
900,574,16.0
574,519,15.0
519,977,23.0
977,331,7.0
331,103,4.0
103,592,16.0
592,126,9.0
126,871,16.0
871,901,10.0
901,018,9.0
018,767,20.0
767,495,18.0
495,134,8.0
134,890,17.0
890,933,15.0
933,175,13.0
175,630,9.0
630,483,15.0
483,139,13.0
139,209,11.0
209,455,14.0
455,603,9.0
603,260,8.0
260,794,20.0
794,807,15.0
807,788,23.0
788,989,26.0
989,158,14.0
158,013,4.0
013,892,19.0
892,964,19.0
964,951,15.0
951,002,2.0
002,961,16.0
961,424,10.0
424,994,22.0
994,404,8.0
404,074,11.0
074,166,13.0
166,598,22.0
598,129,12.0
129,859,22.0
859,164,11.0
164,073,10.0
073,877,22.0
877,612,9.0
612,380,11.0
380,667,19.0
667,214,7.0
214,328,13.0
328,734,14.0
734,654,15.0
654,830,11.0
830,842,14.0
842,710,8.0
710,353,11.0
353,798,24.0
798,322,7.0
322,927,18.0
927,818,17.0
818,332,8.0
332,756,18.0
756,810,9.0
810,918,18.0
918,153,9.0
153,433,10.0
433,073,10.0
073,268,16.0
268,123,6.0
123,075,12.0
075,251,8.0
251,517,13.0
517,813,12.0
813,609,15.0
609,791,17.0
791,370,10.0
370,558,18.0
558,214,7.0
214,238,13.0
238,664,16.0
664,300,3.0
300,775,19.0
775,249,15.0
249,361,10.0
361,586,19.0
586,516,12.0
516,488,20.0
488,791,17.0
791,996,24.0
